DATAFLOW,LAST UPDATE,freq,unit,geo,TIME_PERIOD,OBS_VALUE,OBS_FLAG
ESTAT:NAMA_10_FTE(1.0),20/12/22 15:45:00,A,EUR,AT,1995,26423,
ESTAT:NAMA_10_FTE(1.0),20/12/22 15:45:00,A,EUR,AT,1996,26404,
ESTAT:NAMA_10_FTE(1.0),20/12/22 15:45:00,A,EUR,AT,1997,25901,
ESTAT:NAMA_10_FTE(1.0),20/12/22 15:45:00,A,EUR,AT,1998,26756,
ESTAT:NAMA_10_FTE(1.0),20/12/22 15:45:00,A,EUR,AT,1999,27606,
ESTAT:NAMA_10_FTE(1.0),20/12/22 15:45:00,A,EUR,AT,2000,28379,
ESTAT:NAMA_10_FTE(1.0),20/12/22 15:45:00,A,EUR,AT,2001,28784,
ESTAT:NAMA_10_FTE(1.0),20/12/22 15:45:00,A,EUR,AT,2002,29733,
ESTAT:NAMA_10_FTE(1.0),20/12/22 15:45:00,A,EUR,AT,2003,30143,
ESTAT:NAMA_10_FTE(1.0),20/12/22 15:45:00,A,EUR,AT,2004,31523,
ESTAT:NAMA_10_FTE(1.0),20/12/22 15:45:00,A,EUR,AT,2005,32293,
ESTAT:NAMA_10_FTE(1.0),20/12/22 15:45:00,A,EUR,AT,2006,33491,
ESTAT:NAMA_10_FTE(1.0),20/12/22 15:45:00,A,EUR,AT,2007,34573,
ESTAT:NAMA_10_FTE(1.0),20/12/22 15:45:00,A,EUR,AT,2008,35921,
ESTAT:NAMA_10_FTE(1.0),20/12/22 15:45:00,A,EUR,AT,2009,36773,
ESTAT:NAMA_10_FTE(1.0),20/12/22 15:45:00,A,EUR,AT,2010,37203,
ESTAT:NAMA_10_FTE(1.0),20/12/22 15:45:00,A,EUR,AT,2011,37972,
ESTAT:NAMA_10_FTE(1.0),20/12/22 15:45:00,A,EUR,AT,2012,39118,
ESTAT:NAMA_10_FTE(1.0),20/12/22 15:45:00,A,EUR,AT,2013,40083,
ESTAT:NAMA_10_FTE(1.0),20/12/22 15:45:00,A,EUR,AT,2014,41031,
ESTAT:NAMA_10_FTE(1.0),20/12/22 15:45:00,A,EUR,AT,2015,41991,
ESTAT:NAMA_10_FTE(1.0),20/12/22 15:45:00,A,EUR,AT,2016,42991,
ESTAT:NAMA_10_FTE(1.0),20/12/22 15:45:00,A,EUR,AT,2017,43717,
ESTAT:NAMA_10_FTE(1.0),20/12/22 15:45:00,A,EUR,AT,2018,44828,
ESTAT:NAMA_10_FTE(1.0),20/12/22 15:45:00,A,EUR,AT,2019,45930,
ESTAT:NAMA_10_FTE(1.0),20/12/22 15:45:00,A,EUR,AT,2020,46703,
ESTAT:NAMA_10_FTE(1.0),20/12/22 15:45:00,A,EUR,AT,2021,48317,
ESTAT:NAMA_10_FTE(1.0),20/12/22 15:45:00,A,EUR,BE,1995,27855,
ESTAT:NAMA_10_FTE(1.0),20/12/22 15:45:00,A,EUR,BE,1996,27875,
ESTAT:NAMA_10_FTE(1.0),20/12/22 15:45:00,A,EUR,BE,1997,27774,
ESTAT:NAMA_10_FTE(1.0),20/12/22 15:45:00,A,EUR,BE,1998,28200,
ESTAT:NAMA_10_FTE(1.0),20/12/22 15:45:00,A,EUR,BE,1999,29691,
ESTAT:NAMA_10_FTE(1.0),20/12/22 15:45:00,A,EUR,BE,2000,30507,
ESTAT:NAMA_10_FTE(1.0),20/12/22 15:45:00,A,EUR,BE,2001,31777,
ESTAT:NAMA_10_FTE(1.0),20/12/22 15:45:00,A,EUR,BE,2002,32985,
ESTAT:NAMA_10_FTE(1.0),20/12/22 15:45:00,A,EUR,BE,2003,33678,
ESTAT:NAMA_10_FTE(1.0),20/12/22 15:45:00,A,EUR,BE,2004,34448,
ESTAT:NAMA_10_FTE(1.0),20/12/22 15:45:00,A,EUR,BE,2005,35109,
ESTAT:NAMA_10_FTE(1.0),20/12/22 15:45:00,A,EUR,BE,2006,36328,
ESTAT:NAMA_10_FTE(1.0),20/12/22 15:45:00,A,EUR,BE,2007,37244,
ESTAT:NAMA_10_FTE(1.0),20/12/22 15:45:00,A,EUR,BE,2008,38782,
ESTAT:NAMA_10_FTE(1.0),20/12/22 15:45:00,A,EUR,BE,2009,38997,
ESTAT:NAMA_10_FTE(1.0),20/12/22 15:45:00,A,EUR,BE,2010,39675,
ESTAT:NAMA_10_FTE(1.0),20/12/22 15:45:00,A,EUR,BE,2011,41200,
ESTAT:NAMA_10_FTE(1.0),20/12/22 15:45:00,A,EUR,BE,2012,42433,
ESTAT:NAMA_10_FTE(1.0),20/12/22 15:45:00,A,EUR,BE,2013,43289,
ESTAT:NAMA_10_FTE(1.0),20/12/22 15:45:00,A,EUR,BE,2014,43736,
ESTAT:NAMA_10_FTE(1.0),20/12/22 15:45:00,A,EUR,BE,2015,43935,
ESTAT:NAMA_10_FTE(1.0),20/12/22 15:45:00,A,EUR,BE,2016,44769,
ESTAT:NAMA_10_FTE(1.0),20/12/22 15:45:00,A,EUR,BE,2017,45054,
ESTAT:NAMA_10_FTE(1.0),20/12/22 15:45:00,A,EUR,BE,2018,46124,
ESTAT:NAMA_10_FTE(1.0),20/12/22 15:45:00,A,EUR,BE,2019,47265,
ESTAT:NAMA_10_FTE(1.0),20/12/22 15:45:00,A,EUR,BE,2020,46042,
ESTAT:NAMA_10_FTE(1.0),20/12/22 15:45:00,A,EUR,BE,2021,48722,
ESTAT:NAMA_10_FTE(1.0),20/12/22 15:45:00,A,EUR,BG,2001,1919,
ESTAT:NAMA_10_FTE(1.0),20/12/22 15:45:00,A,EUR,BG,2002,2048,
ESTAT:NAMA_10_FTE(1.0),20/12/22 15:45:00,A,EUR,BG,2003,2153,
ESTAT:NAMA_10_FTE(1.0),20/12/22 15:45:00,A,EUR,BG,2004,2375,
ESTAT:NAMA_10_FTE(1.0),20/12/22 15:45:00,A,EUR,BG,2005,2681,
ESTAT:NAMA_10_FTE(1.0),20/12/22 15:45:00,A,EUR,BG,2006,2803,
ESTAT:NAMA_10_FTE(1.0),20/12/22 15:45:00,A,EUR,BG,2007,3240,
ESTAT:NAMA_10_FTE(1.0),20/12/22 15:45:00,A,EUR,BG,2008,3678,
ESTAT:NAMA_10_FTE(1.0),20/12/22 15:45:00,A,EUR,BG,2009,4067,
ESTAT:NAMA_10_FTE(1.0),20/12/22 15:45:00,A,EUR,BG,2010,4567,
ESTAT:NAMA_10_FTE(1.0),20/12/22 15:45:00,A,EUR,BG,2011,4866,
ESTAT:NAMA_10_FTE(1.0),20/12/22 15:45:00,A,EUR,BG,2012,5266,
ESTAT:NAMA_10_FTE(1.0),20/12/22 15:45:00,A,EUR,BG,2013,5704,
ESTAT:NAMA_10_FTE(1.0),20/12/22 15:45:00,A,EUR,BG,2014,6025,
ESTAT:NAMA_10_FTE(1.0),20/12/22 15:45:00,A,EUR,BG,2015,6374,
ESTAT:NAMA_10_FTE(1.0),20/12/22 15:45:00,A,EUR,BG,2016,6767,
ESTAT:NAMA_10_FTE(1.0),20/12/22 15:45:00,A,EUR,BG,2017,7418,
ESTAT:NAMA_10_FTE(1.0),20/12/22 15:45:00,A,EUR,BG,2018,8127,
ESTAT:NAMA_10_FTE(1.0),20/12/22 15:45:00,A,EUR,BG,2019,8677,
ESTAT:NAMA_10_FTE(1.0),20/12/22 15:45:00,A,EUR,BG,2020,9322,
ESTAT:NAMA_10_FTE(1.0),20/12/22 15:45:00,A,EUR,BG,2021,10345,
ESTAT:NAMA_10_FTE(1.0),20/12/22 15:45:00,A,EUR,CY,1999,14049,
ESTAT:NAMA_10_FTE(1.0),20/12/22 15:45:00,A,EUR,CY,2000,15171,
ESTAT:NAMA_10_FTE(1.0),20/12/22 15:45:00,A,EUR,CY,2001,15798,
ESTAT:NAMA_10_FTE(1.0),20/12/22 15:45:00,A,EUR,CY,2002,16496,
ESTAT:NAMA_10_FTE(1.0),20/12/22 15:45:00,A,EUR,CY,2003,17481,
ESTAT:NAMA_10_FTE(1.0),20/12/22 15:45:00,A,EUR,CY,2004,17897,
ESTAT:NAMA_10_FTE(1.0),20/12/22 15:45:00,A,EUR,CY,2005,19086,
ESTAT:NAMA_10_FTE(1.0),20/12/22 15:45:00,A,EUR,CY,2006,19950,
ESTAT:NAMA_10_FTE(1.0),20/12/22 15:45:00,A,EUR,CY,2007,20062,
ESTAT:NAMA_10_FTE(1.0),20/12/22 15:45:00,A,EUR,CY,2008,20665,
ESTAT:NAMA_10_FTE(1.0),20/12/22 15:45:00,A,EUR,CY,2009,21687,
ESTAT:NAMA_10_FTE(1.0),20/12/22 15:45:00,A,EUR,CY,2010,22222,
ESTAT:NAMA_10_FTE(1.0),20/12/22 15:45:00,A,EUR,CY,2011,22645,
ESTAT:NAMA_10_FTE(1.0),20/12/22 15:45:00,A,EUR,CY,2012,22976,
ESTAT:NAMA_10_FTE(1.0),20/12/22 15:45:00,A,EUR,CY,2013,21594,
ESTAT:NAMA_10_FTE(1.0),20/12/22 15:45:00,A,EUR,CY,2014,20947,
ESTAT:NAMA_10_FTE(1.0),20/12/22 15:45:00,A,EUR,CY,2015,20699,
ESTAT:NAMA_10_FTE(1.0),20/12/22 15:45:00,A,EUR,CY,2016,20759,
ESTAT:NAMA_10_FTE(1.0),20/12/22 15:45:00,A,EUR,CY,2017,21124,
ESTAT:NAMA_10_FTE(1.0),20/12/22 15:45:00,A,EUR,CY,2018,21401,
ESTAT:NAMA_10_FTE(1.0),20/12/22 15:45:00,A,EUR,CY,2019,22063,
ESTAT:NAMA_10_FTE(1.0),20/12/22 15:45:00,A,EUR,CY,2020,21765,
ESTAT:NAMA_10_FTE(1.0),20/12/22 15:45:00,A,EUR,CY,2021,22734,
ESTAT:NAMA_10_FTE(1.0),20/12/22 15:45:00,A,EUR,CZ,1997,3964,
ESTAT:NAMA_10_FTE(1.0),20/12/22 15:45:00,A,EUR,CZ,1998,4266,
ESTAT:NAMA_10_FTE(1.0),20/12/22 15:45:00,A,EUR,CZ,1999,4424,
ESTAT:NAMA_10_FTE(1.0),20/12/22 15:45:00,A,EUR,CZ,2000,4925,
ESTAT:NAMA_10_FTE(1.0),20/12/22 15:45:00,A,EUR,CZ,2001,5580,
ESTAT:NAMA_10_FTE(1.0),20/12/22 15:45:00,A,EUR,CZ,2002,6629,
ESTAT:NAMA_10_FTE(1.0),20/12/22 15:45:00,A,EUR,CZ,2003,6915,
ESTAT:NAMA_10_FTE(1.0),20/12/22 15:45:00,A,EUR,CZ,2004,7460,
ESTAT:NAMA_10_FTE(1.0),20/12/22 15:45:00,A,EUR,CZ,2005,8331,
ESTAT:NAMA_10_FTE(1.0),20/12/22 15:45:00,A,EUR,CZ,2006,9239,
ESTAT:NAMA_10_FTE(1.0),20/12/22 15:45:00,A,EUR,CZ,2007,10011,
ESTAT:NAMA_10_FTE(1.0),20/12/22 15:45:00,A,EUR,CZ,2008,11716,
ESTAT:NAMA_10_FTE(1.0),20/12/22 15:45:00,A,EUR,CZ,2009,11118,
ESTAT:NAMA_10_FTE(1.0),20/12/22 15:45:00,A,EUR,CZ,2010,12040,
ESTAT:NAMA_10_FTE(1.0),20/12/22 15:45:00,A,EUR,CZ,2011,12690,
ESTAT:NAMA_10_FTE(1.0),20/12/22 15:45:00,A,EUR,CZ,2012,12711,
ESTAT:NAMA_10_FTE(1.0),20/12/22 15:45:00,A,EUR,CZ,2013,12312,
ESTAT:NAMA_10_FTE(1.0),20/12/22 15:45:00,A,EUR,CZ,2014,11965,
ESTAT:NAMA_10_FTE(1.0),20/12/22 15:45:00,A,EUR,CZ,2015,12435,
ESTAT:NAMA_10_FTE(1.0),20/12/22 15:45:00,A,EUR,CZ,2016,13062,
ESTAT:NAMA_10_FTE(1.0),20/12/22 15:45:00,A,EUR,CZ,2017,14427,
ESTAT:NAMA_10_FTE(1.0),20/12/22 15:45:00,A,EUR,CZ,2018,15987,
ESTAT:NAMA_10_FTE(1.0),20/12/22 15:45:00,A,EUR,CZ,2019,17130,
ESTAT:NAMA_10_FTE(1.0),20/12/22 15:45:00,A,EUR,CZ,2020,16826,
ESTAT:NAMA_10_FTE(1.0),20/12/22 15:45:00,A,EUR,CZ,2021,18189,
ESTAT:NAMA_10_FTE(1.0),20/12/22 15:45:00,A,EUR,DE,1995,27296,
ESTAT:NAMA_10_FTE(1.0),20/12/22 15:45:00,A,EUR,DE,1996,27225,
ESTAT:NAMA_10_FTE(1.0),20/12/22 15:45:00,A,EUR,DE,1997,26617,
ESTAT:NAMA_10_FTE(1.0),20/12/22 15:45:00,A,EUR,DE,1998,27011,
ESTAT:NAMA_10_FTE(1.0),20/12/22 15:45:00,A,EUR,DE,1999,27765,
ESTAT:NAMA_10_FTE(1.0),20/12/22 15:45:00,A,EUR,DE,2000,28187,
ESTAT:NAMA_10_FTE(1.0),20/12/22 15:45:00,A,EUR,DE,2001,28951,
ESTAT:NAMA_10_FTE(1.0),20/12/22 15:45:00,A,EUR,DE,2002,29539,
ESTAT:NAMA_10_FTE(1.0),20/12/22 15:45:00,A,EUR,DE,2003,30056,
ESTAT:NAMA_10_FTE(1.0),20/12/22 15:45:00,A,EUR,DE,2004,30394,
ESTAT:NAMA_10_FTE(1.0),20/12/22 15:45:00,A,EUR,DE,2005,30945,
ESTAT:NAMA_10_FTE(1.0),20/12/22 15:45:00,A,EUR,DE,2006,31447,
ESTAT:NAMA_10_FTE(1.0),20/12/22 15:45:00,A,EUR,DE,2007,32010,
ESTAT:NAMA_10_FTE(1.0),20/12/22 15:45:00,A,EUR,DE,2008,32797,
ESTAT:NAMA_10_FTE(1.0),20/12/22 15:45:00,A,EUR,DE,2009,32879,
ESTAT:NAMA_10_FTE(1.0),20/12/22 15:45:00,A,EUR,DE,2010,33741,
ESTAT:NAMA_10_FTE(1.0),20/12/22 15:45:00,A,EUR,DE,2011,34993,
ESTAT:NAMA_10_FTE(1.0),20/12/22 15:45:00,A,EUR,DE,2012,36000,
ESTAT:NAMA_10_FTE(1.0),20/12/22 15:45:00,A,EUR,DE,2013,36912,
ESTAT:NAMA_10_FTE(1.0),20/12/22 15:45:00,A,EUR,DE,2014,37798,
ESTAT:NAMA_10_FTE(1.0),20/12/22 15:45:00,A,EUR,DE,2015,39002,
ESTAT:NAMA_10_FTE(1.0),20/12/22 15:45:00,A,EUR,DE,2016,39872,
ESTAT:NAMA_10_FTE(1.0),20/12/22 15:45:00,A,EUR,DE,2017,40913,
ESTAT:NAMA_10_FTE(1.0),20/12/22 15:45:00,A,EUR,DE,2018,42105,
ESTAT:NAMA_10_FTE(1.0),20/12/22 15:45:00,A,EUR,DE,2019,43497,
ESTAT:NAMA_10_FTE(1.0),20/12/22 15:45:00,A,EUR,DE,2020,43104,
ESTAT:NAMA_10_FTE(1.0),20/12/22 15:45:00,A,EUR,DE,2021,44404,
ESTAT:NAMA_10_FTE(1.0),20/12/22 15:45:00,A,EUR,DK,1995,31515,
ESTAT:NAMA_10_FTE(1.0),20/12/22 15:45:00,A,EUR,DK,1996,32560,
ESTAT:NAMA_10_FTE(1.0),20/12/22 15:45:00,A,EUR,DK,1997,33130,
ESTAT:NAMA_10_FTE(1.0),20/12/22 15:45:00,A,EUR,DK,1998,34160,
ESTAT:NAMA_10_FTE(1.0),20/12/22 15:45:00,A,EUR,DK,1999,35558,
ESTAT:NAMA_10_FTE(1.0),20/12/22 15:45:00,A,EUR,DK,2000,36527,
ESTAT:NAMA_10_FTE(1.0),20/12/22 15:45:00,A,EUR,DK,2001,37537,
ESTAT:NAMA_10_FTE(1.0),20/12/22 15:45:00,A,EUR,DK,2002,39258,
ESTAT:NAMA_10_FTE(1.0),20/12/22 15:45:00,A,EUR,DK,2003,40640,
ESTAT:NAMA_10_FTE(1.0),20/12/22 15:45:00,A,EUR,DK,2004,42073,
ESTAT:NAMA_10_FTE(1.0),20/12/22 15:45:00,A,EUR,DK,2005,43388,
ESTAT:NAMA_10_FTE(1.0),20/12/22 15:45:00,A,EUR,DK,2006,45054,
ESTAT:NAMA_10_FTE(1.0),20/12/22 15:45:00,A,EUR,DK,2007,46414,
ESTAT:NAMA_10_FTE(1.0),20/12/22 15:45:00,A,EUR,DK,2008,48135,
ESTAT:NAMA_10_FTE(1.0),20/12/22 15:45:00,A,EUR,DK,2009,50056,
ESTAT:NAMA_10_FTE(1.0),20/12/22 15:45:00,A,EUR,DK,2010,51689,
ESTAT:NAMA_10_FTE(1.0),20/12/22 15:45:00,A,EUR,DK,2011,52491,
ESTAT:NAMA_10_FTE(1.0),20/12/22 15:45:00,A,EUR,DK,2012,53823,
ESTAT:NAMA_10_FTE(1.0),20/12/22 15:45:00,A,EUR,DK,2013,54538,
ESTAT:NAMA_10_FTE(1.0),20/12/22 15:45:00,A,EUR,DK,2014,56015,
ESTAT:NAMA_10_FTE(1.0),20/12/22 15:45:00,A,EUR,DK,2015,57017,
ESTAT:NAMA_10_FTE(1.0),20/12/22 15:45:00,A,EUR,DK,2016,57630,
ESTAT:NAMA_10_FTE(1.0),20/12/22 15:45:00,A,EUR,DK,2017,58736,
ESTAT:NAMA_10_FTE(1.0),20/12/22 15:45:00,A,EUR,DK,2018,59434,
ESTAT:NAMA_10_FTE(1.0),20/12/22 15:45:00,A,EUR,DK,2019,60208,
ESTAT:NAMA_10_FTE(1.0),20/12/22 15:45:00,A,EUR,DK,2020,61436,
ESTAT:NAMA_10_FTE(1.0),20/12/22 15:45:00,A,EUR,DK,2021,63261,
ESTAT:NAMA_10_FTE(1.0),20/12/22 15:45:00,A,EUR,EA19,2000,23741,
ESTAT:NAMA_10_FTE(1.0),20/12/22 15:45:00,A,EUR,EA19,2001,24527,
ESTAT:NAMA_10_FTE(1.0),20/12/22 15:45:00,A,EUR,EA19,2002,25097,
ESTAT:NAMA_10_FTE(1.0),20/12/22 15:45:00,A,EUR,EA19,2003,25692,
ESTAT:NAMA_10_FTE(1.0),20/12/22 15:45:00,A,EUR,EA19,2004,26406,
ESTAT:NAMA_10_FTE(1.0),20/12/22 15:45:00,A,EUR,EA19,2005,27104,
ESTAT:NAMA_10_FTE(1.0),20/12/22 15:45:00,A,EUR,EA19,2006,27920,
ESTAT:NAMA_10_FTE(1.0),20/12/22 15:45:00,A,EUR,EA19,2007,28693,
ESTAT:NAMA_10_FTE(1.0),20/12/22 15:45:00,A,EUR,EA19,2008,29682,
ESTAT:NAMA_10_FTE(1.0),20/12/22 15:45:00,A,EUR,EA19,2009,30220,
ESTAT:NAMA_10_FTE(1.0),20/12/22 15:45:00,A,EUR,EA19,2010,30944,
ESTAT:NAMA_10_FTE(1.0),20/12/22 15:45:00,A,EUR,EA19,2011,31732,
ESTAT:NAMA_10_FTE(1.0),20/12/22 15:45:00,A,EUR,EA19,2012,32296,
ESTAT:NAMA_10_FTE(1.0),20/12/22 15:45:00,A,EUR,EA19,2013,32898,
ESTAT:NAMA_10_FTE(1.0),20/12/22 15:45:00,A,EUR,EA19,2014,33226,
ESTAT:NAMA_10_FTE(1.0),20/12/22 15:45:00,A,EUR,EA19,2015,33815,
ESTAT:NAMA_10_FTE(1.0),20/12/22 15:45:00,A,EUR,EA19,2016,34319,
ESTAT:NAMA_10_FTE(1.0),20/12/22 15:45:00,A,EUR,EA19,2017,34850,
ESTAT:NAMA_10_FTE(1.0),20/12/22 15:45:00,A,EUR,EA19,2018,35620,
ESTAT:NAMA_10_FTE(1.0),20/12/22 15:45:00,A,EUR,EA19,2019,36538,
ESTAT:NAMA_10_FTE(1.0),20/12/22 15:45:00,A,EUR,EA19,2020,36171,
ESTAT:NAMA_10_FTE(1.0),20/12/22 15:45:00,A,EUR,EA19,2021,37506,
ESTAT:NAMA_10_FTE(1.0),20/12/22 15:45:00,A,EUR,EE,1997,3012,
ESTAT:NAMA_10_FTE(1.0),20/12/22 15:45:00,A,EUR,EE,1998,3381,
ESTAT:NAMA_10_FTE(1.0),20/12/22 15:45:00,A,EUR,EE,1999,3668,
ESTAT:NAMA_10_FTE(1.0),20/12/22 15:45:00,A,EUR,EE,2000,4111,
ESTAT:NAMA_10_FTE(1.0),20/12/22 15:45:00,A,EUR,EE,2001,4529,
ESTAT:NAMA_10_FTE(1.0),20/12/22 15:45:00,A,EUR,EE,2002,4952,
ESTAT:NAMA_10_FTE(1.0),20/12/22 15:45:00,A,EUR,EE,2003,5526,
ESTAT:NAMA_10_FTE(1.0),20/12/22 15:45:00,A,EUR,EE,2004,6192,
ESTAT:NAMA_10_FTE(1.0),20/12/22 15:45:00,A,EUR,EE,2005,6883,
ESTAT:NAMA_10_FTE(1.0),20/12/22 15:45:00,A,EUR,EE,2006,7893,
ESTAT:NAMA_10_FTE(1.0),20/12/22 15:45:00,A,EUR,EE,2007,9917,
ESTAT:NAMA_10_FTE(1.0),20/12/22 15:45:00,A,EUR,EE,2008,10820,
ESTAT:NAMA_10_FTE(1.0),20/12/22 15:45:00,A,EUR,EE,2009,10472,
ESTAT:NAMA_10_FTE(1.0),20/12/22 15:45:00,A,EUR,EE,2010,10827,
ESTAT:NAMA_10_FTE(1.0),20/12/22 15:45:00,A,EUR,EE,2011,11086,
ESTAT:NAMA_10_FTE(1.0),20/12/22 15:45:00,A,EUR,EE,2012,11740,
ESTAT:NAMA_10_FTE(1.0),20/12/22 15:45:00,A,EUR,EE,2013,12382,
ESTAT:NAMA_10_FTE(1.0),20/12/22 15:45:00,A,EUR,EE,2014,13112,
ESTAT:NAMA_10_FTE(1.0),20/12/22 15:45:00,A,EUR,EE,2015,13639,
ESTAT:NAMA_10_FTE(1.0),20/12/22 15:45:00,A,EUR,EE,2016,14540,
ESTAT:NAMA_10_FTE(1.0),20/12/22 15:45:00,A,EUR,EE,2017,15543,
ESTAT:NAMA_10_FTE(1.0),20/12/22 15:45:00,A,EUR,EE,2018,17086,
ESTAT:NAMA_10_FTE(1.0),20/12/22 15:45:00,A,EUR,EE,2019,18430,
ESTAT:NAMA_10_FTE(1.0),20/12/22 15:45:00,A,EUR,EE,2020,19450,
ESTAT:NAMA_10_FTE(1.0),20/12/22 15:45:00,A,EUR,EE,2021,21481,
ESTAT:NAMA_10_FTE(1.0),20/12/22 15:45:00,A,EUR,EL,1995,9913,
ESTAT:NAMA_10_FTE(1.0),20/12/22 15:45:00,A,EUR,EL,1996,10619,
ESTAT:NAMA_10_FTE(1.0),20/12/22 15:45:00,A,EUR,EL,1997,12046,
ESTAT:NAMA_10_FTE(1.0),20/12/22 15:45:00,A,EUR,EL,1998,11997,
ESTAT:NAMA_10_FTE(1.0),20/12/22 15:45:00,A,EUR,EL,1999,12985,
ESTAT:NAMA_10_FTE(1.0),20/12/22 15:45:00,A,EUR,EL,2000,13304,
ESTAT:NAMA_10_FTE(1.0),20/12/22 15:45:00,A,EUR,EL,2001,13797,
ESTAT:NAMA_10_FTE(1.0),20/12/22 15:45:00,A,EUR,EL,2002,15308,
ESTAT:NAMA_10_FTE(1.0),20/12/22 15:45:00,A,EUR,EL,2003,16289,
ESTAT:NAMA_10_FTE(1.0),20/12/22 15:45:00,A,EUR,EL,2004,17237,
ESTAT:NAMA_10_FTE(1.0),20/12/22 15:45:00,A,EUR,EL,2005,18510,
ESTAT:NAMA_10_FTE(1.0),20/12/22 15:45:00,A,EUR,EL,2006,19297,
ESTAT:NAMA_10_FTE(1.0),20/12/22 15:45:00,A,EUR,EL,2007,19959,
ESTAT:NAMA_10_FTE(1.0),20/12/22 15:45:00,A,EUR,EL,2008,20487,
ESTAT:NAMA_10_FTE(1.0),20/12/22 15:45:00,A,EUR,EL,2009,21595,
ESTAT:NAMA_10_FTE(1.0),20/12/22 15:45:00,A,EUR,EL,2010,20537,
ESTAT:NAMA_10_FTE(1.0),20/12/22 15:45:00,A,EUR,EL,2011,19837,
ESTAT:NAMA_10_FTE(1.0),20/12/22 15:45:00,A,EUR,EL,2012,18872,
ESTAT:NAMA_10_FTE(1.0),20/12/22 15:45:00,A,EUR,EL,2013,17358,
ESTAT:NAMA_10_FTE(1.0),20/12/22 15:45:00,A,EUR,EL,2014,16881,
ESTAT:NAMA_10_FTE(1.0),20/12/22 15:45:00,A,EUR,EL,2015,16847,
ESTAT:NAMA_10_FTE(1.0),20/12/22 15:45:00,A,EUR,EL,2016,16388,
ESTAT:NAMA_10_FTE(1.0),20/12/22 15:45:00,A,EUR,EL,2017,16525,
ESTAT:NAMA_10_FTE(1.0),20/12/22 15:45:00,A,EUR,EL,2018,15800,
ESTAT:NAMA_10_FTE(1.0),20/12/22 15:45:00,A,EUR,EL,2019,15829,
ESTAT:NAMA_10_FTE(1.0),20/12/22 15:45:00,A,EUR,EL,2020,15766,
ESTAT:NAMA_10_FTE(1.0),20/12/22 15:45:00,A,EUR,EL,2021,15879,
ESTAT:NAMA_10_FTE(1.0),20/12/22 15:45:00,A,EUR,ES,1995,16615,
ESTAT:NAMA_10_FTE(1.0),20/12/22 15:45:00,A,EUR,ES,1996,17556,
ESTAT:NAMA_10_FTE(1.0),20/12/22 15:45:00,A,EUR,ES,1997,17490,
ESTAT:NAMA_10_FTE(1.0),20/12/22 15:45:00,A,EUR,ES,1998,17728,
ESTAT:NAMA_10_FTE(1.0),20/12/22 15:45:00,A,EUR,ES,1999,18203,
ESTAT:NAMA_10_FTE(1.0),20/12/22 15:45:00,A,EUR,ES,2000,18546,
ESTAT:NAMA_10_FTE(1.0),20/12/22 15:45:00,A,EUR,ES,2001,19148,
ESTAT:NAMA_10_FTE(1.0),20/12/22 15:45:00,A,EUR,ES,2002,19760,
ESTAT:NAMA_10_FTE(1.0),20/12/22 15:45:00,A,EUR,ES,2003,20274,
ESTAT:NAMA_10_FTE(1.0),20/12/22 15:45:00,A,EUR,ES,2004,20710,
ESTAT:NAMA_10_FTE(1.0),20/12/22 15:45:00,A,EUR,ES,2005,21543,
ESTAT:NAMA_10_FTE(1.0),20/12/22 15:45:00,A,EUR,ES,2006,22187,
ESTAT:NAMA_10_FTE(1.0),20/12/22 15:45:00,A,EUR,ES,2007,23211,
ESTAT:NAMA_10_FTE(1.0),20/12/22 15:45:00,A,EUR,ES,2008,24852,
ESTAT:NAMA_10_FTE(1.0),20/12/22 15:45:00,A,EUR,ES,2009,26164,
ESTAT:NAMA_10_FTE(1.0),20/12/22 15:45:00,A,EUR,ES,2010,26400,
ESTAT:NAMA_10_FTE(1.0),20/12/22 15:45:00,A,EUR,ES,2011,26535,
ESTAT:NAMA_10_FTE(1.0),20/12/22 15:45:00,A,EUR,ES,2012,26334,
ESTAT:NAMA_10_FTE(1.0),20/12/22 15:45:00,A,EUR,ES,2013,26619,
ESTAT:NAMA_10_FTE(1.0),20/12/22 15:45:00,A,EUR,ES,2014,26595,
ESTAT:NAMA_10_FTE(1.0),20/12/22 15:45:00,A,EUR,ES,2015,26994,
ESTAT:NAMA_10_FTE(1.0),20/12/22 15:45:00,A,EUR,ES,2016,26877,
ESTAT:NAMA_10_FTE(1.0),20/12/22 15:45:00,A,EUR,ES,2017,26955,
ESTAT:NAMA_10_FTE(1.0),20/12/22 15:45:00,A,EUR,ES,2018,27208,
ESTAT:NAMA_10_FTE(1.0),20/12/22 15:45:00,A,EUR,ES,2019,27836,
ESTAT:NAMA_10_FTE(1.0),20/12/22 15:45:00,A,EUR,ES,2020,27419,
ESTAT:NAMA_10_FTE(1.0),20/12/22 15:45:00,A,EUR,ES,2021,28184,
ESTAT:NAMA_10_FTE(1.0),20/12/22 15:45:00,A,EUR,EU15,1995,22412,
ESTAT:NAMA_10_FTE(1.0),20/12/22 15:45:00,A,EUR,EU15,1996,23182,
ESTAT:NAMA_10_FTE(1.0),20/12/22 15:45:00,A,EUR,EU15,1997,24099,
ESTAT:NAMA_10_FTE(1.0),20/12/22 15:45:00,A,EUR,EU15,1998,24682,
ESTAT:NAMA_10_FTE(1.0),20/12/22 15:45:00,A,EUR,EU15,1999,25748,
ESTAT:NAMA_10_FTE(1.0),20/12/22 15:45:00,A,EUR,EU15,2000,27010,
ESTAT:NAMA_10_FTE(1.0),20/12/22 15:45:00,A,EUR,EU15,2001,27666,
ESTAT:NAMA_10_FTE(1.0),20/12/22 15:45:00,A,EUR,EU15,2002,28366,
ESTAT:NAMA_10_FTE(1.0),20/12/22 15:45:00,A,EUR,EU15,2003,28520,
ESTAT:NAMA_10_FTE(1.0),20/12/22 15:45:00,A,EUR,EU15,2004,29569,
ESTAT:NAMA_10_FTE(1.0),20/12/22 15:45:00,A,EUR,EU15,2005,30275,
ESTAT:NAMA_10_FTE(1.0),20/12/22 15:45:00,A,EUR,EU15,2006,31282,
ESTAT:NAMA_10_FTE(1.0),20/12/22 15:45:00,A,EUR,EU15,2007,32261,
ESTAT:NAMA_10_FTE(1.0),20/12/22 15:45:00,A,EUR,EU15,2008,32184,
ESTAT:NAMA_10_FTE(1.0),20/12/22 15:45:00,A,EUR,EU15,2009,31953,
ESTAT:NAMA_10_FTE(1.0),20/12/22 15:45:00,A,EUR,EU15,2010,32990,
ESTAT:NAMA_10_FTE(1.0),20/12/22 15:45:00,A,EUR,EU15,2011,33847,
ESTAT:NAMA_10_FTE(1.0),20/12/22 15:45:00,A,EUR,EU15,2012,34874,
ESTAT:NAMA_10_FTE(1.0),20/12/22 15:45:00,A,EUR,EU15,2013,35274,
ESTAT:NAMA_10_FTE(1.0),20/12/22 15:45:00,A,EUR,EU15,2014,36079,
ESTAT:NAMA_10_FTE(1.0),20/12/22 15:45:00,A,EUR,EU15,2015,37426,
ESTAT:NAMA_10_FTE(1.0),20/12/22 15:45:00,A,EUR,EU15,2016,37142,
ESTAT:NAMA_10_FTE(1.0),20/12/22 15:45:00,A,EUR,EU15,2017,37257,
ESTAT:NAMA_10_FTE(1.0),20/12/22 15:45:00,A,EUR,EU15,2018,37961,
ESTAT:NAMA_10_FTE(1.0),20/12/22 15:45:00,A,EUR,EU15,2019,38824,
ESTAT:NAMA_10_FTE(1.0),20/12/22 15:45:00,A,EUR,EU27_2020,2002,21902,
ESTAT:NAMA_10_FTE(1.0),20/12/22 15:45:00,A,EUR,EU27_2020,2003,22358,
ESTAT:NAMA_10_FTE(1.0),20/12/22 15:45:00,A,EUR,EU27_2020,2004,23033,
ESTAT:NAMA_10_FTE(1.0),20/12/22 15:45:00,A,EUR,EU27_2020,2005,23720,
ESTAT:NAMA_10_FTE(1.0),20/12/22 15:45:00,A,EUR,EU27_2020,2006,24328,
ESTAT:NAMA_10_FTE(1.0),20/12/22 15:45:00,A,EUR,EU27_2020,2007,25083,
ESTAT:NAMA_10_FTE(1.0),20/12/22 15:45:00,A,EUR,EU27_2020,2008,26098,
ESTAT:NAMA_10_FTE(1.0),20/12/22 15:45:00,A,EUR,EU27_2020,2009,26293,
ESTAT:NAMA_10_FTE(1.0),20/12/22 15:45:00,A,EUR,EU27_2020,2010,27215,
ESTAT:NAMA_10_FTE(1.0),20/12/22 15:45:00,A,EUR,EU27_2020,2011,27932,
ESTAT:NAMA_10_FTE(1.0),20/12/22 15:45:00,A,EUR,EU27_2020,2012,28433,
ESTAT:NAMA_10_FTE(1.0),20/12/22 15:45:00,A,EUR,EU27_2020,2013,28919,
ESTAT:NAMA_10_FTE(1.0),20/12/22 15:45:00,A,EUR,EU27_2020,2014,29193,
ESTAT:NAMA_10_FTE(1.0),20/12/22 15:45:00,A,EUR,EU27_2020,2015,29685,
ESTAT:NAMA_10_FTE(1.0),20/12/22 15:45:00,A,EUR,EU27_2020,2016,30157,
ESTAT:NAMA_10_FTE(1.0),20/12/22 15:45:00,A,EUR,EU27_2020,2017,30849,
ESTAT:NAMA_10_FTE(1.0),20/12/22 15:45:00,A,EUR,EU27_2020,2018,31511,
ESTAT:NAMA_10_FTE(1.0),20/12/22 15:45:00,A,EUR,EU27_2020,2019,32508,
ESTAT:NAMA_10_FTE(1.0),20/12/22 15:45:00,A,EUR,EU27_2020,2020,32286,
ESTAT:NAMA_10_FTE(1.0),20/12/22 15:45:00,A,EUR,EU27_2020,2021,33511,
ESTAT:NAMA_10_FTE(1.0),20/12/22 15:45:00,A,EUR,EU28,2002,23964,
ESTAT:NAMA_10_FTE(1.0),20/12/22 15:45:00,A,EUR,EU28,2003,24168,
ESTAT:NAMA_10_FTE(1.0),20/12/22 15:45:00,A,EUR,EU28,2004,24989,
ESTAT:NAMA_10_FTE(1.0),20/12/22 15:45:00,A,EUR,EU28,2005,25717,
ESTAT:NAMA_10_FTE(1.0),20/12/22 15:45:00,A,EUR,EU28,2006,26576,
ESTAT:NAMA_10_FTE(1.0),20/12/22 15:45:00,A,EUR,EU28,2007,27471,
ESTAT:NAMA_10_FTE(1.0),20/12/22 15:45:00,A,EUR,EU28,2008,27640,
ESTAT:NAMA_10_FTE(1.0),20/12/22 15:45:00,A,EUR,EU28,2009,27274,
ESTAT:NAMA_10_FTE(1.0),20/12/22 15:45:00,A,EUR,EU28,2010,28389,
ESTAT:NAMA_10_FTE(1.0),20/12/22 15:45:00,A,EUR,EU28,2011,29071,
ESTAT:NAMA_10_FTE(1.0),20/12/22 15:45:00,A,EUR,EU28,2012,29794,
ESTAT:NAMA_10_FTE(1.0),20/12/22 15:45:00,A,EUR,EU28,2013,30183,
ESTAT:NAMA_10_FTE(1.0),20/12/22 15:45:00,A,EUR,EU28,2014,30814,
ESTAT:NAMA_10_FTE(1.0),20/12/22 15:45:00,A,EUR,EU28,2015,31843,
ESTAT:NAMA_10_FTE(1.0),20/12/22 15:45:00,A,EUR,EU28,2016,31684,
ESTAT:NAMA_10_FTE(1.0),20/12/22 15:45:00,A,EUR,EU28,2017,31963,
ESTAT:NAMA_10_FTE(1.0),20/12/22 15:45:00,A,EUR,EU28,2018,32779,
ESTAT:NAMA_10_FTE(1.0),20/12/22 15:45:00,A,EUR,EU28,2019,33771,
ESTAT:NAMA_10_FTE(1.0),20/12/22 15:45:00,A,EUR,FI,1995,22818,
ESTAT:NAMA_10_FTE(1.0),20/12/22 15:45:00,A,EUR,FI,1996,23144,
ESTAT:NAMA_10_FTE(1.0),20/12/22 15:45:00,A,EUR,FI,1997,23387,
ESTAT:NAMA_10_FTE(1.0),20/12/22 15:45:00,A,EUR,FI,1998,24107,
ESTAT:NAMA_10_FTE(1.0),20/12/22 15:45:00,A,EUR,FI,1999,25242,
ESTAT:NAMA_10_FTE(1.0),20/12/22 15:45:00,A,EUR,FI,2000,26527,
ESTAT:NAMA_10_FTE(1.0),20/12/22 15:45:00,A,EUR,FI,2001,27387,
ESTAT:NAMA_10_FTE(1.0),20/12/22 15:45:00,A,EUR,FI,2002,28051,
ESTAT:NAMA_10_FTE(1.0),20/12/22 15:45:00,A,EUR,FI,2003,28830,
ESTAT:NAMA_10_FTE(1.0),20/12/22 15:45:00,A,EUR,FI,2004,29855,
ESTAT:NAMA_10_FTE(1.0),20/12/22 15:45:00,A,EUR,FI,2005,31001,
ESTAT:NAMA_10_FTE(1.0),20/12/22 15:45:00,A,EUR,FI,2006,32045,
ESTAT:NAMA_10_FTE(1.0),20/12/22 15:45:00,A,EUR,FI,2007,33092,
ESTAT:NAMA_10_FTE(1.0),20/12/22 15:45:00,A,EUR,FI,2008,34359,
ESTAT:NAMA_10_FTE(1.0),20/12/22 15:45:00,A,EUR,FI,2009,35380,
ESTAT:NAMA_10_FTE(1.0),20/12/22 15:45:00,A,EUR,FI,2010,36492,
ESTAT:NAMA_10_FTE(1.0),20/12/22 15:45:00,A,EUR,FI,2011,37652,
ESTAT:NAMA_10_FTE(1.0),20/12/22 15:45:00,A,EUR,FI,2012,38774,
ESTAT:NAMA_10_FTE(1.0),20/12/22 15:45:00,A,EUR,FI,2013,39313,
ESTAT:NAMA_10_FTE(1.0),20/12/22 15:45:00,A,EUR,FI,2014,39831,
ESTAT:NAMA_10_FTE(1.0),20/12/22 15:45:00,A,EUR,FI,2015,40341,
ESTAT:NAMA_10_FTE(1.0),20/12/22 15:45:00,A,EUR,FI,2016,40732,
ESTAT:NAMA_10_FTE(1.0),20/12/22 15:45:00,A,EUR,FI,2017,41033,
ESTAT:NAMA_10_FTE(1.0),20/12/22 15:45:00,A,EUR,FI,2018,41845,
ESTAT:NAMA_10_FTE(1.0),20/12/22 15:45:00,A,EUR,FI,2019,42765,
ESTAT:NAMA_10_FTE(1.0),20/12/22 15:45:00,A,EUR,FI,2020,43030,
ESTAT:NAMA_10_FTE(1.0),20/12/22 15:45:00,A,EUR,FI,2021,43193,
ESTAT:NAMA_10_FTE(1.0),20/12/22 15:45:00,A,EUR,FR,1995,23203,
ESTAT:NAMA_10_FTE(1.0),20/12/22 15:45:00,A,EUR,FR,1996,23746,
ESTAT:NAMA_10_FTE(1.0),20/12/22 15:45:00,A,EUR,FR,1997,23756,
ESTAT:NAMA_10_FTE(1.0),20/12/22 15:45:00,A,EUR,FR,1998,24308,
ESTAT:NAMA_10_FTE(1.0),20/12/22 15:45:00,A,EUR,FR,1999,24857,
ESTAT:NAMA_10_FTE(1.0),20/12/22 15:45:00,A,EUR,FR,2000,25552,
ESTAT:NAMA_10_FTE(1.0),20/12/22 15:45:00,A,EUR,FR,2001,26228,
ESTAT:NAMA_10_FTE(1.0),20/12/22 15:45:00,A,EUR,FR,2002,27139,
ESTAT:NAMA_10_FTE(1.0),20/12/22 15:45:00,A,EUR,FR,2003,27937,
ESTAT:NAMA_10_FTE(1.0),20/12/22 15:45:00,A,EUR,FR,2004,28942,
ESTAT:NAMA_10_FTE(1.0),20/12/22 15:45:00,A,EUR,FR,2005,29912,
ESTAT:NAMA_10_FTE(1.0),20/12/22 15:45:00,A,EUR,FR,2006,30915,
ESTAT:NAMA_10_FTE(1.0),20/12/22 15:45:00,A,EUR,FR,2007,31701,
ESTAT:NAMA_10_FTE(1.0),20/12/22 15:45:00,A,EUR,FR,2008,32435,
ESTAT:NAMA_10_FTE(1.0),20/12/22 15:45:00,A,EUR,FR,2009,33058,
ESTAT:NAMA_10_FTE(1.0),20/12/22 15:45:00,A,EUR,FR,2010,34153,
ESTAT:NAMA_10_FTE(1.0),20/12/22 15:45:00,A,EUR,FR,2011,34648,
ESTAT:NAMA_10_FTE(1.0),20/12/22 15:45:00,A,EUR,FR,2012,35340,
ESTAT:NAMA_10_FTE(1.0),20/12/22 15:45:00,A,EUR,FR,2013,35991,
ESTAT:NAMA_10_FTE(1.0),20/12/22 15:45:00,A,EUR,FR,2014,36287,
ESTAT:NAMA_10_FTE(1.0),20/12/22 15:45:00,A,EUR,FR,2015,36761,
ESTAT:NAMA_10_FTE(1.0),20/12/22 15:45:00,A,EUR,FR,2016,37194,
ESTAT:NAMA_10_FTE(1.0),20/12/22 15:45:00,A,EUR,FR,2017,38094,
ESTAT:NAMA_10_FTE(1.0),20/12/22 15:45:00,A,EUR,FR,2018,38650,
ESTAT:NAMA_10_FTE(1.0),20/12/22 15:45:00,A,EUR,FR,2019,39385,
ESTAT:NAMA_10_FTE(1.0),20/12/22 15:45:00,A,EUR,FR,2020,38180,
ESTAT:NAMA_10_FTE(1.0),20/12/22 15:45:00,A,EUR,FR,2021,40135,
ESTAT:NAMA_10_FTE(1.0),20/12/22 15:45:00,A,EUR,HR,2002,10387,
ESTAT:NAMA_10_FTE(1.0),20/12/22 15:45:00,A,EUR,HR,2003,10998,
ESTAT:NAMA_10_FTE(1.0),20/12/22 15:45:00,A,EUR,HR,2004,11612,
ESTAT:NAMA_10_FTE(1.0),20/12/22 15:45:00,A,EUR,HR,2005,12411,
ESTAT:NAMA_10_FTE(1.0),20/12/22 15:45:00,A,EUR,HR,2006,12873,
ESTAT:NAMA_10_FTE(1.0),20/12/22 15:45:00,A,EUR,HR,2007,13530,
ESTAT:NAMA_10_FTE(1.0),20/12/22 15:45:00,A,EUR,HR,2008,14341,
ESTAT:NAMA_10_FTE(1.0),20/12/22 15:45:00,A,EUR,HR,2009,14132,
ESTAT:NAMA_10_FTE(1.0),20/12/22 15:45:00,A,EUR,HR,2010,14562,
ESTAT:NAMA_10_FTE(1.0),20/12/22 15:45:00,A,EUR,HR,2011,14768,
ESTAT:NAMA_10_FTE(1.0),20/12/22 15:45:00,A,EUR,HR,2012,14704,
ESTAT:NAMA_10_FTE(1.0),20/12/22 15:45:00,A,EUR,HR,2013,14473,
ESTAT:NAMA_10_FTE(1.0),20/12/22 15:45:00,A,EUR,HR,2014,13620,
ESTAT:NAMA_10_FTE(1.0),20/12/22 15:45:00,A,EUR,HR,2015,13810,
ESTAT:NAMA_10_FTE(1.0),20/12/22 15:45:00,A,EUR,HR,2016,14128,
ESTAT:NAMA_10_FTE(1.0),20/12/22 15:45:00,A,EUR,HR,2017,14312,
ESTAT:NAMA_10_FTE(1.0),20/12/22 15:45:00,A,EUR,HR,2018,15021,
ESTAT:NAMA_10_FTE(1.0),20/12/22 15:45:00,A,EUR,HR,2019,15113,
ESTAT:NAMA_10_FTE(1.0),20/12/22 15:45:00,A,EUR,HR,2020,15289,
ESTAT:NAMA_10_FTE(1.0),20/12/22 15:45:00,A,EUR,HR,2021,16169,
ESTAT:NAMA_10_FTE(1.0),20/12/22 15:45:00,A,EUR,HU,1996,3503,
ESTAT:NAMA_10_FTE(1.0),20/12/22 15:45:00,A,EUR,HU,1997,3892,
ESTAT:NAMA_10_FTE(1.0),20/12/22 15:45:00,A,EUR,HU,1998,3971,
ESTAT:NAMA_10_FTE(1.0),20/12/22 15:45:00,A,EUR,HU,1999,4148,
ESTAT:NAMA_10_FTE(1.0),20/12/22 15:45:00,A,EUR,HU,2000,4702,
ESTAT:NAMA_10_FTE(1.0),20/12/22 15:45:00,A,EUR,HU,2001,5621,
ESTAT:NAMA_10_FTE(1.0),20/12/22 15:45:00,A,EUR,HU,2002,6626,
ESTAT:NAMA_10_FTE(1.0),20/12/22 15:45:00,A,EUR,HU,2003,7157,
ESTAT:NAMA_10_FTE(1.0),20/12/22 15:45:00,A,EUR,HU,2004,8141,
ESTAT:NAMA_10_FTE(1.0),20/12/22 15:45:00,A,EUR,HU,2005,8934,
ESTAT:NAMA_10_FTE(1.0),20/12/22 15:45:00,A,EUR,HU,2006,8830,
ESTAT:NAMA_10_FTE(1.0),20/12/22 15:45:00,A,EUR,HU,2007,9849,
ESTAT:NAMA_10_FTE(1.0),20/12/22 15:45:00,A,EUR,HU,2008,10541,
ESTAT:NAMA_10_FTE(1.0),20/12/22 15:45:00,A,EUR,HU,2009,9317,
ESTAT:NAMA_10_FTE(1.0),20/12/22 15:45:00,A,EUR,HU,2010,9899,
ESTAT:NAMA_10_FTE(1.0),20/12/22 15:45:00,A,EUR,HU,2011,10228,
ESTAT:NAMA_10_FTE(1.0),20/12/22 15:45:00,A,EUR,HU,2012,10101,
ESTAT:NAMA_10_FTE(1.0),20/12/22 15:45:00,A,EUR,HU,2013,9920,
ESTAT:NAMA_10_FTE(1.0),20/12/22 15:45:00,A,EUR,HU,2014,9554,
ESTAT:NAMA_10_FTE(1.0),20/12/22 15:45:00,A,EUR,HU,2015,9653,
ESTAT:NAMA_10_FTE(1.0),20/12/22 15:45:00,A,EUR,HU,2016,9764,
ESTAT:NAMA_10_FTE(1.0),20/12/22 15:45:00,A,EUR,HU,2017,10890,
ESTAT:NAMA_10_FTE(1.0),20/12/22 15:45:00,A,EUR,HU,2018,11437,
ESTAT:NAMA_10_FTE(1.0),20/12/22 15:45:00,A,EUR,HU,2019,12128,
ESTAT:NAMA_10_FTE(1.0),20/12/22 15:45:00,A,EUR,HU,2020,11788,
ESTAT:NAMA_10_FTE(1.0),20/12/22 15:45:00,A,EUR,HU,2021,12618,
ESTAT:NAMA_10_FTE(1.0),20/12/22 15:45:00,A,EUR,IE,1995,19332,
ESTAT:NAMA_10_FTE(1.0),20/12/22 15:45:00,A,EUR,IE,1996,20810,
ESTAT:NAMA_10_FTE(1.0),20/12/22 15:45:00,A,EUR,IE,1997,23948,
ESTAT:NAMA_10_FTE(1.0),20/12/22 15:45:00,A,EUR,IE,1998,25302,
ESTAT:NAMA_10_FTE(1.0),20/12/22 15:45:00,A,EUR,IE,1999,26532,
ESTAT:NAMA_10_FTE(1.0),20/12/22 15:45:00,A,EUR,IE,2000,28573,
ESTAT:NAMA_10_FTE(1.0),20/12/22 15:45:00,A,EUR,IE,2001,30643,
ESTAT:NAMA_10_FTE(1.0),20/12/22 15:45:00,A,EUR,IE,2002,32317,
ESTAT:NAMA_10_FTE(1.0),20/12/22 15:45:00,A,EUR,IE,2003,34494,
ESTAT:NAMA_10_FTE(1.0),20/12/22 15:45:00,A,EUR,IE,2004,36233,
ESTAT:NAMA_10_FTE(1.0),20/12/22 15:45:00,A,EUR,IE,2005,38000,
ESTAT:NAMA_10_FTE(1.0),20/12/22 15:45:00,A,EUR,IE,2006,39364,
ESTAT:NAMA_10_FTE(1.0),20/12/22 15:45:00,A,EUR,IE,2007,41837,
ESTAT:NAMA_10_FTE(1.0),20/12/22 15:45:00,A,EUR,IE,2008,43925,
ESTAT:NAMA_10_FTE(1.0),20/12/22 15:45:00,A,EUR,IE,2009,43767,
ESTAT:NAMA_10_FTE(1.0),20/12/22 15:45:00,A,EUR,IE,2010,42332,
ESTAT:NAMA_10_FTE(1.0),20/12/22 15:45:00,A,EUR,IE,2011,42050,
ESTAT:NAMA_10_FTE(1.0),20/12/22 15:45:00,A,EUR,IE,2012,42184,
ESTAT:NAMA_10_FTE(1.0),20/12/22 15:45:00,A,EUR,IE,2013,41690,
ESTAT:NAMA_10_FTE(1.0),20/12/22 15:45:00,A,EUR,IE,2014,41987,
ESTAT:NAMA_10_FTE(1.0),20/12/22 15:45:00,A,EUR,IE,2015,42323,
ESTAT:NAMA_10_FTE(1.0),20/12/22 15:45:00,A,EUR,IE,2016,43209,
ESTAT:NAMA_10_FTE(1.0),20/12/22 15:45:00,A,EUR,IE,2017,44406,
ESTAT:NAMA_10_FTE(1.0),20/12/22 15:45:00,A,EUR,IE,2018,45857,
ESTAT:NAMA_10_FTE(1.0),20/12/22 15:45:00,A,EUR,IE,2019,47580,
ESTAT:NAMA_10_FTE(1.0),20/12/22 15:45:00,A,EUR,IE,2020,48890,
ESTAT:NAMA_10_FTE(1.0),20/12/22 15:45:00,A,EUR,IE,2021,50347,
ESTAT:NAMA_10_FTE(1.0),20/12/22 15:45:00,A,EUR,IT,1995,15611,
ESTAT:NAMA_10_FTE(1.0),20/12/22 15:45:00,A,EUR,IT,1996,17850,
ESTAT:NAMA_10_FTE(1.0),20/12/22 15:45:00,A,EUR,IT,1997,18963,
ESTAT:NAMA_10_FTE(1.0),20/12/22 15:45:00,A,EUR,IT,1998,19263,
ESTAT:NAMA_10_FTE(1.0),20/12/22 15:45:00,A,EUR,IT,1999,19925,
ESTAT:NAMA_10_FTE(1.0),20/12/22 15:45:00,A,EUR,IT,2000,20576,
ESTAT:NAMA_10_FTE(1.0),20/12/22 15:45:00,A,EUR,IT,2001,21259,
ESTAT:NAMA_10_FTE(1.0),20/12/22 15:45:00,A,EUR,IT,2002,21714,
ESTAT:NAMA_10_FTE(1.0),20/12/22 15:45:00,A,EUR,IT,2003,22322,
ESTAT:NAMA_10_FTE(1.0),20/12/22 15:45:00,A,EUR,IT,2004,23650,
ESTAT:NAMA_10_FTE(1.0),20/12/22 15:45:00,A,EUR,IT,2005,24321,
ESTAT:NAMA_10_FTE(1.0),20/12/22 15:45:00,A,EUR,IT,2006,25133,
ESTAT:NAMA_10_FTE(1.0),20/12/22 15:45:00,A,EUR,IT,2007,25736,
ESTAT:NAMA_10_FTE(1.0),20/12/22 15:45:00,A,EUR,IT,2008,26541,
ESTAT:NAMA_10_FTE(1.0),20/12/22 15:45:00,A,EUR,IT,2009,26663,
ESTAT:NAMA_10_FTE(1.0),20/12/22 15:45:00,A,EUR,IT,2010,27263,
ESTAT:NAMA_10_FTE(1.0),20/12/22 15:45:00,A,EUR,IT,2011,27692,
ESTAT:NAMA_10_FTE(1.0),20/12/22 15:45:00,A,EUR,IT,2012,27540,
ESTAT:NAMA_10_FTE(1.0),20/12/22 15:45:00,A,EUR,IT,2013,27937,
ESTAT:NAMA_10_FTE(1.0),20/12/22 15:45:00,A,EUR,IT,2014,28122,
ESTAT:NAMA_10_FTE(1.0),20/12/22 15:45:00,A,EUR,IT,2015,28469,
ESTAT:NAMA_10_FTE(1.0),20/12/22 15:45:00,A,EUR,IT,2016,28701,
ESTAT:NAMA_10_FTE(1.0),20/12/22 15:45:00,A,EUR,IT,2017,28790,
ESTAT:NAMA_10_FTE(1.0),20/12/22 15:45:00,A,EUR,IT,2018,29240,
ESTAT:NAMA_10_FTE(1.0),20/12/22 15:45:00,A,EUR,IT,2019,29623,
ESTAT:NAMA_10_FTE(1.0),20/12/22 15:45:00,A,EUR,IT,2020,28273,
ESTAT:NAMA_10_FTE(1.0),20/12/22 15:45:00,A,EUR,IT,2021,29951,
ESTAT:NAMA_10_FTE(1.0),20/12/22 15:45:00,A,EUR,LT,1998,2857,
ESTAT:NAMA_10_FTE(1.0),20/12/22 15:45:00,A,EUR,LT,2000,3489,
ESTAT:NAMA_10_FTE(1.0),20/12/22 15:45:00,A,EUR,LT,2001,3895,
ESTAT:NAMA_10_FTE(1.0),20/12/22 15:45:00,A,EUR,LT,2002,4315,
ESTAT:NAMA_10_FTE(1.0),20/12/22 15:45:00,A,EUR,LT,2003,4717,
ESTAT:NAMA_10_FTE(1.0),20/12/22 15:45:00,A,EUR,LT,2004,5216,
ESTAT:NAMA_10_FTE(1.0),20/12/22 15:45:00,A,EUR,LT,2005,5899,
ESTAT:NAMA_10_FTE(1.0),20/12/22 15:45:00,A,EUR,LT,2006,7142,
ESTAT:NAMA_10_FTE(1.0),20/12/22 15:45:00,A,EUR,LT,2007,8048,
ESTAT:NAMA_10_FTE(1.0),20/12/22 15:45:00,A,EUR,LT,2008,9077,
ESTAT:NAMA_10_FTE(1.0),20/12/22 15:45:00,A,EUR,LT,2009,8238,
ESTAT:NAMA_10_FTE(1.0),20/12/22 15:45:00,A,EUR,LT,2010,8368,
ESTAT:NAMA_10_FTE(1.0),20/12/22 15:45:00,A,EUR,LT,2011,8935,
ESTAT:NAMA_10_FTE(1.0),20/12/22 15:45:00,A,EUR,LT,2012,9359,
ESTAT:NAMA_10_FTE(1.0),20/12/22 15:45:00,A,EUR,LT,2013,9811,
ESTAT:NAMA_10_FTE(1.0),20/12/22 15:45:00,A,EUR,LT,2014,10225,
ESTAT:NAMA_10_FTE(1.0),20/12/22 15:45:00,A,EUR,LT,2015,10786,
ESTAT:NAMA_10_FTE(1.0),20/12/22 15:45:00,A,EUR,LT,2016,11453,
ESTAT:NAMA_10_FTE(1.0),20/12/22 15:45:00,A,EUR,LT,2017,12548,
ESTAT:NAMA_10_FTE(1.0),20/12/22 15:45:00,A,EUR,LT,2018,13501,
ESTAT:NAMA_10_FTE(1.0),20/12/22 15:45:00,A,EUR,LT,2019,18362,
ESTAT:NAMA_10_FTE(1.0),20/12/22 15:45:00,A,EUR,LT,2020,19497,
ESTAT:NAMA_10_FTE(1.0),20/12/22 15:45:00,A,EUR,LT,2021,21741,
ESTAT:NAMA_10_FTE(1.0),20/12/22 15:45:00,A,EUR,LU,1995,34065,
ESTAT:NAMA_10_FTE(1.0),20/12/22 15:45:00,A,EUR,LU,1996,34532,
ESTAT:NAMA_10_FTE(1.0),20/12/22 15:45:00,A,EUR,LU,1997,34786,
ESTAT:NAMA_10_FTE(1.0),20/12/22 15:45:00,A,EUR,LU,1998,35173,
ESTAT:NAMA_10_FTE(1.0),20/12/22 15:45:00,A,EUR,LU,1999,37517,
ESTAT:NAMA_10_FTE(1.0),20/12/22 15:45:00,A,EUR,LU,2000,40009,
ESTAT:NAMA_10_FTE(1.0),20/12/22 15:45:00,A,EUR,LU,2001,40916,
ESTAT:NAMA_10_FTE(1.0),20/12/22 15:45:00,A,EUR,LU,2002,42703,
ESTAT:NAMA_10_FTE(1.0),20/12/22 15:45:00,A,EUR,LU,2003,43691,
ESTAT:NAMA_10_FTE(1.0),20/12/22 15:45:00,A,EUR,LU,2004,45777,
ESTAT:NAMA_10_FTE(1.0),20/12/22 15:45:00,A,EUR,LU,2005,47703,
ESTAT:NAMA_10_FTE(1.0),20/12/22 15:45:00,A,EUR,LU,2006,49544,
ESTAT:NAMA_10_FTE(1.0),20/12/22 15:45:00,A,EUR,LU,2007,51991,
ESTAT:NAMA_10_FTE(1.0),20/12/22 15:45:00,A,EUR,LU,2008,53321,
ESTAT:NAMA_10_FTE(1.0),20/12/22 15:45:00,A,EUR,LU,2009,53607,
ESTAT:NAMA_10_FTE(1.0),20/12/22 15:45:00,A,EUR,LU,2010,54797,
ESTAT:NAMA_10_FTE(1.0),20/12/22 15:45:00,A,EUR,LU,2011,56881,
ESTAT:NAMA_10_FTE(1.0),20/12/22 15:45:00,A,EUR,LU,2012,57793,
ESTAT:NAMA_10_FTE(1.0),20/12/22 15:45:00,A,EUR,LU,2013,59332,
ESTAT:NAMA_10_FTE(1.0),20/12/22 15:45:00,A,EUR,LU,2014,60639,
ESTAT:NAMA_10_FTE(1.0),20/12/22 15:45:00,A,EUR,LU,2015,61396,
ESTAT:NAMA_10_FTE(1.0),20/12/22 15:45:00,A,EUR,LU,2016,62037,
ESTAT:NAMA_10_FTE(1.0),20/12/22 15:45:00,A,EUR,LU,2017,64316,
ESTAT:NAMA_10_FTE(1.0),20/12/22 15:45:00,A,EUR,LU,2018,65570,
ESTAT:NAMA_10_FTE(1.0),20/12/22 15:45:00,A,EUR,LU,2019,66890,
ESTAT:NAMA_10_FTE(1.0),20/12/22 15:45:00,A,EUR,LU,2020,67890,
ESTAT:NAMA_10_FTE(1.0),20/12/22 15:45:00,A,EUR,LU,2021,72247,
ESTAT:NAMA_10_FTE(1.0),20/12/22 15:45:00,A,EUR,LV,1998,2707,
ESTAT:NAMA_10_FTE(1.0),20/12/22 15:45:00,A,EUR,LV,1999,3069,
ESTAT:NAMA_10_FTE(1.0),20/12/22 15:45:00,A,EUR,LV,2000,3741,
ESTAT:NAMA_10_FTE(1.0),20/12/22 15:45:00,A,EUR,LV,2001,3996,
ESTAT:NAMA_10_FTE(1.0),20/12/22 15:45:00,A,EUR,LV,2002,4004,
ESTAT:NAMA_10_FTE(1.0),20/12/22 15:45:00,A,EUR,LV,2003,4112,
ESTAT:NAMA_10_FTE(1.0),20/12/22 15:45:00,A,EUR,LV,2004,4596,
ESTAT:NAMA_10_FTE(1.0),20/12/22 15:45:00,A,EUR,LV,2005,5612,
ESTAT:NAMA_10_FTE(1.0),20/12/22 15:45:00,A,EUR,LV,2006,6836,
ESTAT:NAMA_10_FTE(1.0),20/12/22 15:45:00,A,EUR,LV,2007,9245,
ESTAT:NAMA_10_FTE(1.0),20/12/22 15:45:00,A,EUR,LV,2008,10836,
ESTAT:NAMA_10_FTE(1.0),20/12/22 15:45:00,A,EUR,LV,2009,9421,
ESTAT:NAMA_10_FTE(1.0),20/12/22 15:45:00,A,EUR,LV,2010,8876,
ESTAT:NAMA_10_FTE(1.0),20/12/22 15:45:00,A,EUR,LV,2011,9106,
ESTAT:NAMA_10_FTE(1.0),20/12/22 15:45:00,A,EUR,LV,2012,9912,
ESTAT:NAMA_10_FTE(1.0),20/12/22 15:45:00,A,EUR,LV,2013,10317,
ESTAT:NAMA_10_FTE(1.0),20/12/22 15:45:00,A,EUR,LV,2014,11207,
ESTAT:NAMA_10_FTE(1.0),20/12/22 15:45:00,A,EUR,LV,2015,12059,
ESTAT:NAMA_10_FTE(1.0),20/12/22 15:45:00,A,EUR,LV,2016,12981,
ESTAT:NAMA_10_FTE(1.0),20/12/22 15:45:00,A,EUR,LV,2017,13899,
ESTAT:NAMA_10_FTE(1.0),20/12/22 15:45:00,A,EUR,LV,2018,14883,
ESTAT:NAMA_10_FTE(1.0),20/12/22 15:45:00,A,EUR,LV,2019,16024,
ESTAT:NAMA_10_FTE(1.0),20/12/22 15:45:00,A,EUR,LV,2020,16815,
ESTAT:NAMA_10_FTE(1.0),20/12/22 15:45:00,A,EUR,LV,2021,18707,
ESTAT:NAMA_10_FTE(1.0),20/12/22 15:45:00,A,EUR,MT,2000,13786,
ESTAT:NAMA_10_FTE(1.0),20/12/22 15:45:00,A,EUR,MT,2001,14528,
ESTAT:NAMA_10_FTE(1.0),20/12/22 15:45:00,A,EUR,MT,2002,14980,
ESTAT:NAMA_10_FTE(1.0),20/12/22 15:45:00,A,EUR,MT,2003,15428,
ESTAT:NAMA_10_FTE(1.0),20/12/22 15:45:00,A,EUR,MT,2004,15547,
ESTAT:NAMA_10_FTE(1.0),20/12/22 15:45:00,A,EUR,MT,2005,15895,
ESTAT:NAMA_10_FTE(1.0),20/12/22 15:45:00,A,EUR,MT,2006,16717,
ESTAT:NAMA_10_FTE(1.0),20/12/22 15:45:00,A,EUR,MT,2007,17402,
ESTAT:NAMA_10_FTE(1.0),20/12/22 15:45:00,A,EUR,MT,2008,18136,
ESTAT:NAMA_10_FTE(1.0),20/12/22 15:45:00,A,EUR,MT,2009,18610,
ESTAT:NAMA_10_FTE(1.0),20/12/22 15:45:00,A,EUR,MT,2010,19277,
ESTAT:NAMA_10_FTE(1.0),20/12/22 15:45:00,A,EUR,MT,2011,20131,
ESTAT:NAMA_10_FTE(1.0),20/12/22 15:45:00,A,EUR,MT,2012,20741,
ESTAT:NAMA_10_FTE(1.0),20/12/22 15:45:00,A,EUR,MT,2013,21316,
ESTAT:NAMA_10_FTE(1.0),20/12/22 15:45:00,A,EUR,MT,2014,21764,
ESTAT:NAMA_10_FTE(1.0),20/12/22 15:45:00,A,EUR,MT,2015,23013,
ESTAT:NAMA_10_FTE(1.0),20/12/22 15:45:00,A,EUR,MT,2016,24074,
ESTAT:NAMA_10_FTE(1.0),20/12/22 15:45:00,A,EUR,MT,2017,24576,
ESTAT:NAMA_10_FTE(1.0),20/12/22 15:45:00,A,EUR,MT,2018,25494,
ESTAT:NAMA_10_FTE(1.0),20/12/22 15:45:00,A,EUR,MT,2019,26532,
ESTAT:NAMA_10_FTE(1.0),20/12/22 15:45:00,A,EUR,MT,2020,26078,
ESTAT:NAMA_10_FTE(1.0),20/12/22 15:45:00,A,EUR,MT,2021,27334,
ESTAT:NAMA_10_FTE(1.0),20/12/22 15:45:00,A,EUR,PL,2001,7549,
ESTAT:NAMA_10_FTE(1.0),20/12/22 15:45:00,A,EUR,PL,2002,7401,
ESTAT:NAMA_10_FTE(1.0),20/12/22 15:45:00,A,EUR,PL,2003,6584,
ESTAT:NAMA_10_FTE(1.0),20/12/22 15:45:00,A,EUR,PL,2004,6551,
ESTAT:NAMA_10_FTE(1.0),20/12/22 15:45:00,A,EUR,PL,2005,7501,
ESTAT:NAMA_10_FTE(1.0),20/12/22 15:45:00,A,EUR,PL,2006,7917,
ESTAT:NAMA_10_FTE(1.0),20/12/22 15:45:00,A,EUR,PL,2007,8628,
ESTAT:NAMA_10_FTE(1.0),20/12/22 15:45:00,A,EUR,PL,2008,10198,
ESTAT:NAMA_10_FTE(1.0),20/12/22 15:45:00,A,EUR,PL,2009,8509,
ESTAT:NAMA_10_FTE(1.0),20/12/22 15:45:00,A,EUR,PL,2010,10153,
ESTAT:NAMA_10_FTE(1.0),20/12/22 15:45:00,A,EUR,PL,2011,10388,
ESTAT:NAMA_10_FTE(1.0),20/12/22 15:45:00,A,EUR,PL,2012,10442,
ESTAT:NAMA_10_FTE(1.0),20/12/22 15:45:00,A,EUR,PL,2013,10569,
ESTAT:NAMA_10_FTE(1.0),20/12/22 15:45:00,A,EUR,PL,2014,10842,
ESTAT:NAMA_10_FTE(1.0),20/12/22 15:45:00,A,EUR,PL,2015,11096,
ESTAT:NAMA_10_FTE(1.0),20/12/22 15:45:00,A,EUR,PL,2016,11146,
ESTAT:NAMA_10_FTE(1.0),20/12/22 15:45:00,A,EUR,PL,2017,12086,
ESTAT:NAMA_10_FTE(1.0),20/12/22 15:45:00,A,EUR,PL,2018,13071,
ESTAT:NAMA_10_FTE(1.0),20/12/22 15:45:00,A,EUR,PL,2019,14047,
ESTAT:NAMA_10_FTE(1.0),20/12/22 15:45:00,A,EUR,PL,2020,14327,
ESTAT:NAMA_10_FTE(1.0),20/12/22 15:45:00,A,EUR,PL,2021,14431,
ESTAT:NAMA_10_FTE(1.0),20/12/22 15:45:00,A,EUR,PT,1995,9706,
ESTAT:NAMA_10_FTE(1.0),20/12/22 15:45:00,A,EUR,PT,1996,10353,
ESTAT:NAMA_10_FTE(1.0),20/12/22 15:45:00,A,EUR,PT,1997,10805,
ESTAT:NAMA_10_FTE(1.0),20/12/22 15:45:00,A,EUR,PT,1998,11227,
ESTAT:NAMA_10_FTE(1.0),20/12/22 15:45:00,A,EUR,PT,1999,11986,
ESTAT:NAMA_10_FTE(1.0),20/12/22 15:45:00,A,EUR,PT,2000,12626,
ESTAT:NAMA_10_FTE(1.0),20/12/22 15:45:00,A,EUR,PT,2001,13129,
ESTAT:NAMA_10_FTE(1.0),20/12/22 15:45:00,A,EUR,PT,2002,13567,
ESTAT:NAMA_10_FTE(1.0),20/12/22 15:45:00,A,EUR,PT,2003,14083,
ESTAT:NAMA_10_FTE(1.0),20/12/22 15:45:00,A,EUR,PT,2004,14401,
ESTAT:NAMA_10_FTE(1.0),20/12/22 15:45:00,A,EUR,PT,2005,14873,
ESTAT:NAMA_10_FTE(1.0),20/12/22 15:45:00,A,EUR,PT,2006,15100,
ESTAT:NAMA_10_FTE(1.0),20/12/22 15:45:00,A,EUR,PT,2007,15729,
ESTAT:NAMA_10_FTE(1.0),20/12/22 15:45:00,A,EUR,PT,2008,16099,
ESTAT:NAMA_10_FTE(1.0),20/12/22 15:45:00,A,EUR,PT,2009,16519,
ESTAT:NAMA_10_FTE(1.0),20/12/22 15:45:00,A,EUR,PT,2010,16750,
ESTAT:NAMA_10_FTE(1.0),20/12/22 15:45:00,A,EUR,PT,2011,16654,
ESTAT:NAMA_10_FTE(1.0),20/12/22 15:45:00,A,EUR,PT,2012,16232,
ESTAT:NAMA_10_FTE(1.0),20/12/22 15:45:00,A,EUR,PT,2013,16625,
ESTAT:NAMA_10_FTE(1.0),20/12/22 15:45:00,A,EUR,PT,2014,16369,
ESTAT:NAMA_10_FTE(1.0),20/12/22 15:45:00,A,EUR,PT,2015,16500,
ESTAT:NAMA_10_FTE(1.0),20/12/22 15:45:00,A,EUR,PT,2016,16692,
ESTAT:NAMA_10_FTE(1.0),20/12/22 15:45:00,A,EUR,PT,2017,17050,
ESTAT:NAMA_10_FTE(1.0),20/12/22 15:45:00,A,EUR,PT,2018,17509,
ESTAT:NAMA_10_FTE(1.0),20/12/22 15:45:00,A,EUR,PT,2019,18383,
ESTAT:NAMA_10_FTE(1.0),20/12/22 15:45:00,A,EUR,PT,2020,18628,
ESTAT:NAMA_10_FTE(1.0),20/12/22 15:45:00,A,EUR,PT,2021,19301,
ESTAT:NAMA_10_FTE(1.0),20/12/22 15:45:00,A,EUR,RO,1997,1189,
ESTAT:NAMA_10_FTE(1.0),20/12/22 15:45:00,A,EUR,RO,1998,1837,
ESTAT:NAMA_10_FTE(1.0),20/12/22 15:45:00,A,EUR,RO,1999,1487,
ESTAT:NAMA_10_FTE(1.0),20/12/22 15:45:00,A,EUR,RO,2000,2143,
ESTAT:NAMA_10_FTE(1.0),20/12/22 15:45:00,A,EUR,RO,2001,2662,
ESTAT:NAMA_10_FTE(1.0),20/12/22 15:45:00,A,EUR,RO,2002,2592,
ESTAT:NAMA_10_FTE(1.0),20/12/22 15:45:00,A,EUR,RO,2003,2745,
ESTAT:NAMA_10_FTE(1.0),20/12/22 15:45:00,A,EUR,RO,2004,3001,
ESTAT:NAMA_10_FTE(1.0),20/12/22 15:45:00,A,EUR,RO,2005,4226,
ESTAT:NAMA_10_FTE(1.0),20/12/22 15:45:00,A,EUR,RO,2006,4883,
ESTAT:NAMA_10_FTE(1.0),20/12/22 15:45:00,A,EUR,RO,2007,5392,
ESTAT:NAMA_10_FTE(1.0),20/12/22 15:45:00,A,EUR,RO,2008,6864,
ESTAT:NAMA_10_FTE(1.0),20/12/22 15:45:00,A,EUR,RO,2009,5689,
ESTAT:NAMA_10_FTE(1.0),20/12/22 15:45:00,A,EUR,RO,2010,6080,
ESTAT:NAMA_10_FTE(1.0),20/12/22 15:45:00,A,EUR,RO,2011,6213,
ESTAT:NAMA_10_FTE(1.0),20/12/22 15:45:00,A,EUR,RO,2012,6094,
ESTAT:NAMA_10_FTE(1.0),20/12/22 15:45:00,A,EUR,RO,2013,6402,
ESTAT:NAMA_10_FTE(1.0),20/12/22 15:45:00,A,EUR,RO,2014,6812,
ESTAT:NAMA_10_FTE(1.0),20/12/22 15:45:00,A,EUR,RO,2015,7051,
ESTAT:NAMA_10_FTE(1.0),20/12/22 15:45:00,A,EUR,RO,2016,8016,
ESTAT:NAMA_10_FTE(1.0),20/12/22 15:45:00,A,EUR,RO,2017,8986,
ESTAT:NAMA_10_FTE(1.0),20/12/22 15:45:00,A,EUR,RO,2018,11337,
ESTAT:NAMA_10_FTE(1.0),20/12/22 15:45:00,A,EUR,RO,2019,12437,
ESTAT:NAMA_10_FTE(1.0),20/12/22 15:45:00,A,EUR,RO,2020,12681,
ESTAT:NAMA_10_FTE(1.0),20/12/22 15:45:00,A,EUR,RO,2021,13000,
ESTAT:NAMA_10_FTE(1.0),20/12/22 15:45:00,A,EUR,SE,1995,22547,
ESTAT:NAMA_10_FTE(1.0),20/12/22 15:45:00,A,EUR,SE,1996,26175,
ESTAT:NAMA_10_FTE(1.0),20/12/22 15:45:00,A,EUR,SE,1997,27076,
ESTAT:NAMA_10_FTE(1.0),20/12/22 15:45:00,A,EUR,SE,1998,27104,
ESTAT:NAMA_10_FTE(1.0),20/12/22 15:45:00,A,EUR,SE,1999,28485,
ESTAT:NAMA_10_FTE(1.0),20/12/22 15:45:00,A,EUR,SE,2000,30778,
ESTAT:NAMA_10_FTE(1.0),20/12/22 15:45:00,A,EUR,SE,2001,28844,
ESTAT:NAMA_10_FTE(1.0),20/12/22 15:45:00,A,EUR,SE,2002,30009,
ESTAT:NAMA_10_FTE(1.0),20/12/22 15:45:00,A,EUR,SE,2003,31020,
ESTAT:NAMA_10_FTE(1.0),20/12/22 15:45:00,A,EUR,SE,2004,32261,
ESTAT:NAMA_10_FTE(1.0),20/12/22 15:45:00,A,EUR,SE,2005,32856,
ESTAT:NAMA_10_FTE(1.0),20/12/22 15:45:00,A,EUR,SE,2006,34172,
ESTAT:NAMA_10_FTE(1.0),20/12/22 15:45:00,A,EUR,SE,2007,35654,
ESTAT:NAMA_10_FTE(1.0),20/12/22 15:45:00,A,EUR,SE,2008,35997,
ESTAT:NAMA_10_FTE(1.0),20/12/22 15:45:00,A,EUR,SE,2009,33450,
ESTAT:NAMA_10_FTE(1.0),20/12/22 15:45:00,A,EUR,SE,2010,38118,
ESTAT:NAMA_10_FTE(1.0),20/12/22 15:45:00,A,EUR,SE,2011,41442,
ESTAT:NAMA_10_FTE(1.0),20/12/22 15:45:00,A,EUR,SE,2012,44088,
ESTAT:NAMA_10_FTE(1.0),20/12/22 15:45:00,A,EUR,SE,2013,45127,
ESTAT:NAMA_10_FTE(1.0),20/12/22 15:45:00,A,EUR,SE,2014,43883,
ESTAT:NAMA_10_FTE(1.0),20/12/22 15:45:00,A,EUR,SE,2015,43750,
ESTAT:NAMA_10_FTE(1.0),20/12/22 15:45:00,A,EUR,SE,2016,44192,
ESTAT:NAMA_10_FTE(1.0),20/12/22 15:45:00,A,EUR,SE,2017,44426,
ESTAT:NAMA_10_FTE(1.0),20/12/22 15:45:00,A,EUR,SE,2018,42875,
ESTAT:NAMA_10_FTE(1.0),20/12/22 15:45:00,A,EUR,SE,2019,42932,
ESTAT:NAMA_10_FTE(1.0),20/12/22 15:45:00,A,EUR,SE,2020,44084,
ESTAT:NAMA_10_FTE(1.0),20/12/22 15:45:00,A,EUR,SE,2021,46934,
ESTAT:NAMA_10_FTE(1.0),20/12/22 15:45:00,A,EUR,SI,1996,10742,
ESTAT:NAMA_10_FTE(1.0),20/12/22 15:45:00,A,EUR,SI,1997,11704,
ESTAT:NAMA_10_FTE(1.0),20/12/22 15:45:00,A,EUR,SI,1998,12337,
ESTAT:NAMA_10_FTE(1.0),20/12/22 15:45:00,A,EUR,SI,1999,12754,
ESTAT:NAMA_10_FTE(1.0),20/12/22 15:45:00,A,EUR,SI,2000,13128,
ESTAT:NAMA_10_FTE(1.0),20/12/22 15:45:00,A,EUR,SI,2001,13962,
ESTAT:NAMA_10_FTE(1.0),20/12/22 15:45:00,A,EUR,SI,2002,14558,
ESTAT:NAMA_10_FTE(1.0),20/12/22 15:45:00,A,EUR,SI,2003,15120,
ESTAT:NAMA_10_FTE(1.0),20/12/22 15:45:00,A,EUR,SI,2004,16011,
ESTAT:NAMA_10_FTE(1.0),20/12/22 15:45:00,A,EUR,SI,2005,16888,
ESTAT:NAMA_10_FTE(1.0),20/12/22 15:45:00,A,EUR,SI,2006,17792,
ESTAT:NAMA_10_FTE(1.0),20/12/22 15:45:00,A,EUR,SI,2007,18907,
ESTAT:NAMA_10_FTE(1.0),20/12/22 15:45:00,A,EUR,SI,2008,20300,
ESTAT:NAMA_10_FTE(1.0),20/12/22 15:45:00,A,EUR,SI,2009,20692,
ESTAT:NAMA_10_FTE(1.0),20/12/22 15:45:00,A,EUR,SI,2010,21682,
ESTAT:NAMA_10_FTE(1.0),20/12/22 15:45:00,A,EUR,SI,2011,21955,
ESTAT:NAMA_10_FTE(1.0),20/12/22 15:45:00,A,EUR,SI,2012,21556,
ESTAT:NAMA_10_FTE(1.0),20/12/22 15:45:00,A,EUR,SI,2013,21684,
ESTAT:NAMA_10_FTE(1.0),20/12/22 15:45:00,A,EUR,SI,2014,22046,
ESTAT:NAMA_10_FTE(1.0),20/12/22 15:45:00,A,EUR,SI,2015,22406,
ESTAT:NAMA_10_FTE(1.0),20/12/22 15:45:00,A,EUR,SI,2016,23138,
ESTAT:NAMA_10_FTE(1.0),20/12/22 15:45:00,A,EUR,SI,2017,24027,
ESTAT:NAMA_10_FTE(1.0),20/12/22 15:45:00,A,EUR,SI,2018,24821,
ESTAT:NAMA_10_FTE(1.0),20/12/22 15:45:00,A,EUR,SI,2019,25928,
ESTAT:NAMA_10_FTE(1.0),20/12/22 15:45:00,A,EUR,SI,2020,26716,
ESTAT:NAMA_10_FTE(1.0),20/12/22 15:45:00,A,EUR,SI,2021,28765,
ESTAT:NAMA_10_FTE(1.0),20/12/22 15:45:00,A,EUR,SK,1998,3427,
ESTAT:NAMA_10_FTE(1.0),20/12/22 15:45:00,A,EUR,SK,1999,3291,
ESTAT:NAMA_10_FTE(1.0),20/12/22 15:45:00,A,EUR,SK,2000,3831,
ESTAT:NAMA_10_FTE(1.0),20/12/22 15:45:00,A,EUR,SK,2001,3989,
ESTAT:NAMA_10_FTE(1.0),20/12/22 15:45:00,A,EUR,SK,2002,4386,
ESTAT:NAMA_10_FTE(1.0),20/12/22 15:45:00,A,EUR,SK,2003,4903,
ESTAT:NAMA_10_FTE(1.0),20/12/22 15:45:00,A,EUR,SK,2004,5520,
ESTAT:NAMA_10_FTE(1.0),20/12/22 15:45:00,A,EUR,SK,2005,6253,
ESTAT:NAMA_10_FTE(1.0),20/12/22 15:45:00,A,EUR,SK,2006,7013,
ESTAT:NAMA_10_FTE(1.0),20/12/22 15:45:00,A,EUR,SK,2007,8450,
ESTAT:NAMA_10_FTE(1.0),20/12/22 15:45:00,A,EUR,SK,2008,9603,
ESTAT:NAMA_10_FTE(1.0),20/12/22 15:45:00,A,EUR,SK,2009,10335,
ESTAT:NAMA_10_FTE(1.0),20/12/22 15:45:00,A,EUR,SK,2010,10893,
ESTAT:NAMA_10_FTE(1.0),20/12/22 15:45:00,A,EUR,SK,2011,11203,
ESTAT:NAMA_10_FTE(1.0),20/12/22 15:45:00,A,EUR,SK,2012,11442,
ESTAT:NAMA_10_FTE(1.0),20/12/22 15:45:00,A,EUR,SK,2013,11695,
ESTAT:NAMA_10_FTE(1.0),20/12/22 15:45:00,A,EUR,SK,2014,11928,
ESTAT:NAMA_10_FTE(1.0),20/12/22 15:45:00,A,EUR,SK,2015,12390,
ESTAT:NAMA_10_FTE(1.0),20/12/22 15:45:00,A,EUR,SK,2016,12741,
ESTAT:NAMA_10_FTE(1.0),20/12/22 15:45:00,A,EUR,SK,2017,13299,
ESTAT:NAMA_10_FTE(1.0),20/12/22 15:45:00,A,EUR,SK,2018,13986,
ESTAT:NAMA_10_FTE(1.0),20/12/22 15:45:00,A,EUR,SK,2019,14859,
ESTAT:NAMA_10_FTE(1.0),20/12/22 15:45:00,A,EUR,SK,2020,15343,
ESTAT:NAMA_10_FTE(1.0),20/12/22 15:45:00,A,EUR,SK,2021,16162,
ESTAT:NAMA_10_FTE(1.0),20/12/22 15:45:00,A,NAC,AT,1995,25313,
ESTAT:NAMA_10_FTE(1.0),20/12/22 15:45:00,A,NAC,AT,1996,25779,
ESTAT:NAMA_10_FTE(1.0),20/12/22 15:45:00,A,NAC,AT,1997,26021,
ESTAT:NAMA_10_FTE(1.0),20/12/22 15:45:00,A,NAC,AT,1998,26939,
ESTAT:NAMA_10_FTE(1.0),20/12/22 15:45:00,A,NAC,AT,1999,27606,
ESTAT:NAMA_10_FTE(1.0),20/12/22 15:45:00,A,NAC,AT,2000,28379,
ESTAT:NAMA_10_FTE(1.0),20/12/22 15:45:00,A,NAC,AT,2001,28784,
ESTAT:NAMA_10_FTE(1.0),20/12/22 15:45:00,A,NAC,AT,2002,29733,
ESTAT:NAMA_10_FTE(1.0),20/12/22 15:45:00,A,NAC,AT,2003,30143,
ESTAT:NAMA_10_FTE(1.0),20/12/22 15:45:00,A,NAC,AT,2004,31523,
ESTAT:NAMA_10_FTE(1.0),20/12/22 15:45:00,A,NAC,AT,2005,32293,
ESTAT:NAMA_10_FTE(1.0),20/12/22 15:45:00,A,NAC,AT,2006,33491,
ESTAT:NAMA_10_FTE(1.0),20/12/22 15:45:00,A,NAC,AT,2007,34573,
ESTAT:NAMA_10_FTE(1.0),20/12/22 15:45:00,A,NAC,AT,2008,35921,
ESTAT:NAMA_10_FTE(1.0),20/12/22 15:45:00,A,NAC,AT,2009,36773,
ESTAT:NAMA_10_FTE(1.0),20/12/22 15:45:00,A,NAC,AT,2010,37203,
ESTAT:NAMA_10_FTE(1.0),20/12/22 15:45:00,A,NAC,AT,2011,37972,
ESTAT:NAMA_10_FTE(1.0),20/12/22 15:45:00,A,NAC,AT,2012,39118,
ESTAT:NAMA_10_FTE(1.0),20/12/22 15:45:00,A,NAC,AT,2013,40083,
ESTAT:NAMA_10_FTE(1.0),20/12/22 15:45:00,A,NAC,AT,2014,41031,
ESTAT:NAMA_10_FTE(1.0),20/12/22 15:45:00,A,NAC,AT,2015,41991,
ESTAT:NAMA_10_FTE(1.0),20/12/22 15:45:00,A,NAC,AT,2016,42991,
ESTAT:NAMA_10_FTE(1.0),20/12/22 15:45:00,A,NAC,AT,2017,43717,
ESTAT:NAMA_10_FTE(1.0),20/12/22 15:45:00,A,NAC,AT,2018,44828,
ESTAT:NAMA_10_FTE(1.0),20/12/22 15:45:00,A,NAC,AT,2019,45930,
ESTAT:NAMA_10_FTE(1.0),20/12/22 15:45:00,A,NAC,AT,2020,46703,
ESTAT:NAMA_10_FTE(1.0),20/12/22 15:45:00,A,NAC,AT,2021,48317,
ESTAT:NAMA_10_FTE(1.0),20/12/22 15:45:00,A,NAC,BE,1995,26620,
ESTAT:NAMA_10_FTE(1.0),20/12/22 15:45:00,A,NAC,BE,1996,27156,
ESTAT:NAMA_10_FTE(1.0),20/12/22 15:45:00,A,NAC,BE,1997,27908,
ESTAT:NAMA_10_FTE(1.0),20/12/22 15:45:00,A,NAC,BE,1998,28396,
ESTAT:NAMA_10_FTE(1.0),20/12/22 15:45:00,A,NAC,BE,1999,29691,
ESTAT:NAMA_10_FTE(1.0),20/12/22 15:45:00,A,NAC,BE,2000,30507,
ESTAT:NAMA_10_FTE(1.0),20/12/22 15:45:00,A,NAC,BE,2001,31777,
ESTAT:NAMA_10_FTE(1.0),20/12/22 15:45:00,A,NAC,BE,2002,32985,
ESTAT:NAMA_10_FTE(1.0),20/12/22 15:45:00,A,NAC,BE,2003,33678,
ESTAT:NAMA_10_FTE(1.0),20/12/22 15:45:00,A,NAC,BE,2004,34448,
ESTAT:NAMA_10_FTE(1.0),20/12/22 15:45:00,A,NAC,BE,2005,35109,
ESTAT:NAMA_10_FTE(1.0),20/12/22 15:45:00,A,NAC,BE,2006,36328,
ESTAT:NAMA_10_FTE(1.0),20/12/22 15:45:00,A,NAC,BE,2007,37244,
ESTAT:NAMA_10_FTE(1.0),20/12/22 15:45:00,A,NAC,BE,2008,38782,
ESTAT:NAMA_10_FTE(1.0),20/12/22 15:45:00,A,NAC,BE,2009,38997,
ESTAT:NAMA_10_FTE(1.0),20/12/22 15:45:00,A,NAC,BE,2010,39675,
ESTAT:NAMA_10_FTE(1.0),20/12/22 15:45:00,A,NAC,BE,2011,41200,
ESTAT:NAMA_10_FTE(1.0),20/12/22 15:45:00,A,NAC,BE,2012,42433,
ESTAT:NAMA_10_FTE(1.0),20/12/22 15:45:00,A,NAC,BE,2013,43289,
ESTAT:NAMA_10_FTE(1.0),20/12/22 15:45:00,A,NAC,BE,2014,43736,
ESTAT:NAMA_10_FTE(1.0),20/12/22 15:45:00,A,NAC,BE,2015,43935,
ESTAT:NAMA_10_FTE(1.0),20/12/22 15:45:00,A,NAC,BE,2016,44769,
ESTAT:NAMA_10_FTE(1.0),20/12/22 15:45:00,A,NAC,BE,2017,45054,
ESTAT:NAMA_10_FTE(1.0),20/12/22 15:45:00,A,NAC,BE,2018,46124,
ESTAT:NAMA_10_FTE(1.0),20/12/22 15:45:00,A,NAC,BE,2019,47265,
ESTAT:NAMA_10_FTE(1.0),20/12/22 15:45:00,A,NAC,BE,2020,46042,
ESTAT:NAMA_10_FTE(1.0),20/12/22 15:45:00,A,NAC,BE,2021,48722,
ESTAT:NAMA_10_FTE(1.0),20/12/22 15:45:00,A,NAC,BG,2001,3739,
ESTAT:NAMA_10_FTE(1.0),20/12/22 15:45:00,A,NAC,BG,2002,3993,
ESTAT:NAMA_10_FTE(1.0),20/12/22 15:45:00,A,NAC,BG,2003,4196,
ESTAT:NAMA_10_FTE(1.0),20/12/22 15:45:00,A,NAC,BG,2004,4639,
ESTAT:NAMA_10_FTE(1.0),20/12/22 15:45:00,A,NAC,BG,2005,5244,
ESTAT:NAMA_10_FTE(1.0),20/12/22 15:45:00,A,NAC,BG,2006,5483,
ESTAT:NAMA_10_FTE(1.0),20/12/22 15:45:00,A,NAC,BG,2007,6336,
ESTAT:NAMA_10_FTE(1.0),20/12/22 15:45:00,A,NAC,BG,2008,7192,
ESTAT:NAMA_10_FTE(1.0),20/12/22 15:45:00,A,NAC,BG,2009,7954,
ESTAT:NAMA_10_FTE(1.0),20/12/22 15:45:00,A,NAC,BG,2010,8933,
ESTAT:NAMA_10_FTE(1.0),20/12/22 15:45:00,A,NAC,BG,2011,9516,
ESTAT:NAMA_10_FTE(1.0),20/12/22 15:45:00,A,NAC,BG,2012,10299,
ESTAT:NAMA_10_FTE(1.0),20/12/22 15:45:00,A,NAC,BG,2013,11155,
ESTAT:NAMA_10_FTE(1.0),20/12/22 15:45:00,A,NAC,BG,2014,11784,
ESTAT:NAMA_10_FTE(1.0),20/12/22 15:45:00,A,NAC,BG,2015,12467,
ESTAT:NAMA_10_FTE(1.0),20/12/22 15:45:00,A,NAC,BG,2016,13235,
ESTAT:NAMA_10_FTE(1.0),20/12/22 15:45:00,A,NAC,BG,2017,14508,
ESTAT:NAMA_10_FTE(1.0),20/12/22 15:45:00,A,NAC,BG,2018,15894,
ESTAT:NAMA_10_FTE(1.0),20/12/22 15:45:00,A,NAC,BG,2019,16971,
ESTAT:NAMA_10_FTE(1.0),20/12/22 15:45:00,A,NAC,BG,2020,18232,
ESTAT:NAMA_10_FTE(1.0),20/12/22 15:45:00,A,NAC,BG,2021,20233,
ESTAT:NAMA_10_FTE(1.0),20/12/22 15:45:00,A,NAC,CY,1999,13895,
ESTAT:NAMA_10_FTE(1.0),20/12/22 15:45:00,A,NAC,CY,2000,14877,
ESTAT:NAMA_10_FTE(1.0),20/12/22 15:45:00,A,NAC,CY,2001,15545,
ESTAT:NAMA_10_FTE(1.0),20/12/22 15:45:00,A,NAC,CY,2002,16215,
ESTAT:NAMA_10_FTE(1.0),20/12/22 15:45:00,A,NAC,CY,2003,17446,
ESTAT:NAMA_10_FTE(1.0),20/12/22 15:45:00,A,NAC,CY,2004,17792,
ESTAT:NAMA_10_FTE(1.0),20/12/22 15:45:00,A,NAC,CY,2005,18810,
ESTAT:NAMA_10_FTE(1.0),20/12/22 15:45:00,A,NAC,CY,2006,19627,
ESTAT:NAMA_10_FTE(1.0),20/12/22 15:45:00,A,NAC,CY,2007,19971,
ESTAT:NAMA_10_FTE(1.0),20/12/22 15:45:00,A,NAC,CY,2008,20665,
ESTAT:NAMA_10_FTE(1.0),20/12/22 15:45:00,A,NAC,CY,2009,21687,
ESTAT:NAMA_10_FTE(1.0),20/12/22 15:45:00,A,NAC,CY,2010,22222,
ESTAT:NAMA_10_FTE(1.0),20/12/22 15:45:00,A,NAC,CY,2011,22645,
ESTAT:NAMA_10_FTE(1.0),20/12/22 15:45:00,A,NAC,CY,2012,22976,
ESTAT:NAMA_10_FTE(1.0),20/12/22 15:45:00,A,NAC,CY,2013,21594,
ESTAT:NAMA_10_FTE(1.0),20/12/22 15:45:00,A,NAC,CY,2014,20947,
ESTAT:NAMA_10_FTE(1.0),20/12/22 15:45:00,A,NAC,CY,2015,20699,
ESTAT:NAMA_10_FTE(1.0),20/12/22 15:45:00,A,NAC,CY,2016,20759,
ESTAT:NAMA_10_FTE(1.0),20/12/22 15:45:00,A,NAC,CY,2017,21124,
ESTAT:NAMA_10_FTE(1.0),20/12/22 15:45:00,A,NAC,CY,2018,21401,
ESTAT:NAMA_10_FTE(1.0),20/12/22 15:45:00,A,NAC,CY,2019,22063,
ESTAT:NAMA_10_FTE(1.0),20/12/22 15:45:00,A,NAC,CY,2020,21765,
ESTAT:NAMA_10_FTE(1.0),20/12/22 15:45:00,A,NAC,CY,2021,22734,
ESTAT:NAMA_10_FTE(1.0),20/12/22 15:45:00,A,NAC,CZ,1997,142419,
ESTAT:NAMA_10_FTE(1.0),20/12/22 15:45:00,A,NAC,CZ,1998,153800,
ESTAT:NAMA_10_FTE(1.0),20/12/22 15:45:00,A,NAC,CZ,1999,163159,
ESTAT:NAMA_10_FTE(1.0),20/12/22 15:45:00,A,NAC,CZ,2000,175316,
ESTAT:NAMA_10_FTE(1.0),20/12/22 15:45:00,A,NAC,CZ,2001,190089,
ESTAT:NAMA_10_FTE(1.0),20/12/22 15:45:00,A,NAC,CZ,2002,204207,
ESTAT:NAMA_10_FTE(1.0),20/12/22 15:45:00,A,NAC,CZ,2003,220210,
ESTAT:NAMA_10_FTE(1.0),20/12/22 15:45:00,A,NAC,CZ,2004,237919,
ESTAT:NAMA_10_FTE(1.0),20/12/22 15:45:00,A,NAC,CZ,2005,248100,
ESTAT:NAMA_10_FTE(1.0),20/12/22 15:45:00,A,NAC,CZ,2006,261847,
ESTAT:NAMA_10_FTE(1.0),20/12/22 15:45:00,A,NAC,CZ,2007,277959,
ESTAT:NAMA_10_FTE(1.0),20/12/22 15:45:00,A,NAC,CZ,2008,292269,
ESTAT:NAMA_10_FTE(1.0),20/12/22 15:45:00,A,NAC,CZ,2009,293898,
ESTAT:NAMA_10_FTE(1.0),20/12/22 15:45:00,A,NAC,CZ,2010,304419,
ESTAT:NAMA_10_FTE(1.0),20/12/22 15:45:00,A,NAC,CZ,2011,312036,
ESTAT:NAMA_10_FTE(1.0),20/12/22 15:45:00,A,NAC,CZ,2012,319671,
ESTAT:NAMA_10_FTE(1.0),20/12/22 15:45:00,A,NAC,CZ,2013,319864,
ESTAT:NAMA_10_FTE(1.0),20/12/22 15:45:00,A,NAC,CZ,2014,329461,
ESTAT:NAMA_10_FTE(1.0),20/12/22 15:45:00,A,NAC,CZ,2015,339218,
ESTAT:NAMA_10_FTE(1.0),20/12/22 15:45:00,A,NAC,CZ,2016,353119,
ESTAT:NAMA_10_FTE(1.0),20/12/22 15:45:00,A,NAC,CZ,2017,379816,
ESTAT:NAMA_10_FTE(1.0),20/12/22 15:45:00,A,NAC,CZ,2018,410016,
ESTAT:NAMA_10_FTE(1.0),20/12/22 15:45:00,A,NAC,CZ,2019,439732,
ESTAT:NAMA_10_FTE(1.0),20/12/22 15:45:00,A,NAC,CZ,2020,445124,
ESTAT:NAMA_10_FTE(1.0),20/12/22 15:45:00,A,NAC,CZ,2021,466359,
ESTAT:NAMA_10_FTE(1.0),20/12/22 15:45:00,A,NAC,DE,1995,26151,
ESTAT:NAMA_10_FTE(1.0),20/12/22 15:45:00,A,NAC,DE,1996,26580,
ESTAT:NAMA_10_FTE(1.0),20/12/22 15:45:00,A,NAC,DE,1997,26734,
ESTAT:NAMA_10_FTE(1.0),20/12/22 15:45:00,A,NAC,DE,1998,27195,
ESTAT:NAMA_10_FTE(1.0),20/12/22 15:45:00,A,NAC,DE,1999,27765,
ESTAT:NAMA_10_FTE(1.0),20/12/22 15:45:00,A,NAC,DE,2000,28187,
ESTAT:NAMA_10_FTE(1.0),20/12/22 15:45:00,A,NAC,DE,2001,28951,
ESTAT:NAMA_10_FTE(1.0),20/12/22 15:45:00,A,NAC,DE,2002,29539,
ESTAT:NAMA_10_FTE(1.0),20/12/22 15:45:00,A,NAC,DE,2003,30056,
ESTAT:NAMA_10_FTE(1.0),20/12/22 15:45:00,A,NAC,DE,2004,30394,
ESTAT:NAMA_10_FTE(1.0),20/12/22 15:45:00,A,NAC,DE,2005,30945,
ESTAT:NAMA_10_FTE(1.0),20/12/22 15:45:00,A,NAC,DE,2006,31447,
ESTAT:NAMA_10_FTE(1.0),20/12/22 15:45:00,A,NAC,DE,2007,32010,
ESTAT:NAMA_10_FTE(1.0),20/12/22 15:45:00,A,NAC,DE,2008,32797,
ESTAT:NAMA_10_FTE(1.0),20/12/22 15:45:00,A,NAC,DE,2009,32879,
ESTAT:NAMA_10_FTE(1.0),20/12/22 15:45:00,A,NAC,DE,2010,33741,
ESTAT:NAMA_10_FTE(1.0),20/12/22 15:45:00,A,NAC,DE,2011,34993,
ESTAT:NAMA_10_FTE(1.0),20/12/22 15:45:00,A,NAC,DE,2012,36000,
ESTAT:NAMA_10_FTE(1.0),20/12/22 15:45:00,A,NAC,DE,2013,36912,
ESTAT:NAMA_10_FTE(1.0),20/12/22 15:45:00,A,NAC,DE,2014,37798,
ESTAT:NAMA_10_FTE(1.0),20/12/22 15:45:00,A,NAC,DE,2015,39002,
ESTAT:NAMA_10_FTE(1.0),20/12/22 15:45:00,A,NAC,DE,2016,39872,
ESTAT:NAMA_10_FTE(1.0),20/12/22 15:45:00,A,NAC,DE,2017,40913,
ESTAT:NAMA_10_FTE(1.0),20/12/22 15:45:00,A,NAC,DE,2018,42105,
ESTAT:NAMA_10_FTE(1.0),20/12/22 15:45:00,A,NAC,DE,2019,43497,
ESTAT:NAMA_10_FTE(1.0),20/12/22 15:45:00,A,NAC,DE,2020,43104,
ESTAT:NAMA_10_FTE(1.0),20/12/22 15:45:00,A,NAC,DE,2021,44404,
ESTAT:NAMA_10_FTE(1.0),20/12/22 15:45:00,A,NAC,DK,1995,230944,
ESTAT:NAMA_10_FTE(1.0),20/12/22 15:45:00,A,NAC,DK,1996,239621,
ESTAT:NAMA_10_FTE(1.0),20/12/22 15:45:00,A,NAC,DK,1997,247933,
ESTAT:NAMA_10_FTE(1.0),20/12/22 15:45:00,A,NAC,DK,1998,256178,
ESTAT:NAMA_10_FTE(1.0),20/12/22 15:45:00,A,NAC,DK,1999,264388,
ESTAT:NAMA_10_FTE(1.0),20/12/22 15:45:00,A,NAC,DK,2000,272268,
ESTAT:NAMA_10_FTE(1.0),20/12/22 15:45:00,A,NAC,DK,2001,279730,
ESTAT:NAMA_10_FTE(1.0),20/12/22 15:45:00,A,NAC,DK,2002,291710,
ESTAT:NAMA_10_FTE(1.0),20/12/22 15:45:00,A,NAC,DK,2003,301987,
ESTAT:NAMA_10_FTE(1.0),20/12/22 15:45:00,A,NAC,DK,2004,313020,
ESTAT:NAMA_10_FTE(1.0),20/12/22 15:45:00,A,NAC,DK,2005,323316,
ESTAT:NAMA_10_FTE(1.0),20/12/22 15:45:00,A,NAC,DK,2006,336061,
ESTAT:NAMA_10_FTE(1.0),20/12/22 15:45:00,A,NAC,DK,2007,345808,
ESTAT:NAMA_10_FTE(1.0),20/12/22 15:45:00,A,NAC,DK,2008,358893,
ESTAT:NAMA_10_FTE(1.0),20/12/22 15:45:00,A,NAC,DK,2009,372729,
ESTAT:NAMA_10_FTE(1.0),20/12/22 15:45:00,A,NAC,DK,2010,384943,
ESTAT:NAMA_10_FTE(1.0),20/12/22 15:45:00,A,NAC,DK,2011,391092,
ESTAT:NAMA_10_FTE(1.0),20/12/22 15:45:00,A,NAC,DK,2012,400642,
ESTAT:NAMA_10_FTE(1.0),20/12/22 15:45:00,A,NAC,DK,2013,406740,
ESTAT:NAMA_10_FTE(1.0),20/12/22 15:45:00,A,NAC,DK,2014,417583,
ESTAT:NAMA_10_FTE(1.0),20/12/22 15:45:00,A,NAC,DK,2015,425270,
ESTAT:NAMA_10_FTE(1.0),20/12/22 15:45:00,A,NAC,DK,2016,429064,
ESTAT:NAMA_10_FTE(1.0),20/12/22 15:45:00,A,NAC,DK,2017,436910,
ESTAT:NAMA_10_FTE(1.0),20/12/22 15:45:00,A,NAC,DK,2018,442975,
ESTAT:NAMA_10_FTE(1.0),20/12/22 15:45:00,A,NAC,DK,2019,449515,
ESTAT:NAMA_10_FTE(1.0),20/12/22 15:45:00,A,NAC,DK,2020,457957,
ESTAT:NAMA_10_FTE(1.0),20/12/22 15:45:00,A,NAC,DK,2021,470472,
ESTAT:NAMA_10_FTE(1.0),20/12/22 15:45:00,A,NAC,EA19,2000,23741,
ESTAT:NAMA_10_FTE(1.0),20/12/22 15:45:00,A,NAC,EA19,2001,24527,
ESTAT:NAMA_10_FTE(1.0),20/12/22 15:45:00,A,NAC,EA19,2002,25097,
ESTAT:NAMA_10_FTE(1.0),20/12/22 15:45:00,A,NAC,EA19,2003,25692,
ESTAT:NAMA_10_FTE(1.0),20/12/22 15:45:00,A,NAC,EA19,2004,26406,
ESTAT:NAMA_10_FTE(1.0),20/12/22 15:45:00,A,NAC,EA19,2005,27104,
ESTAT:NAMA_10_FTE(1.0),20/12/22 15:45:00,A,NAC,EA19,2006,27920,
ESTAT:NAMA_10_FTE(1.0),20/12/22 15:45:00,A,NAC,EA19,2007,28693,
ESTAT:NAMA_10_FTE(1.0),20/12/22 15:45:00,A,NAC,EA19,2008,29682,
ESTAT:NAMA_10_FTE(1.0),20/12/22 15:45:00,A,NAC,EA19,2009,30220,
ESTAT:NAMA_10_FTE(1.0),20/12/22 15:45:00,A,NAC,EA19,2010,30944,
ESTAT:NAMA_10_FTE(1.0),20/12/22 15:45:00,A,NAC,EA19,2011,31732,
ESTAT:NAMA_10_FTE(1.0),20/12/22 15:45:00,A,NAC,EA19,2012,32296,
ESTAT:NAMA_10_FTE(1.0),20/12/22 15:45:00,A,NAC,EA19,2013,32898,
ESTAT:NAMA_10_FTE(1.0),20/12/22 15:45:00,A,NAC,EA19,2014,33226,
ESTAT:NAMA_10_FTE(1.0),20/12/22 15:45:00,A,NAC,EA19,2015,33815,
ESTAT:NAMA_10_FTE(1.0),20/12/22 15:45:00,A,NAC,EA19,2016,34319,
ESTAT:NAMA_10_FTE(1.0),20/12/22 15:45:00,A,NAC,EA19,2017,34850,
ESTAT:NAMA_10_FTE(1.0),20/12/22 15:45:00,A,NAC,EA19,2018,35620,
ESTAT:NAMA_10_FTE(1.0),20/12/22 15:45:00,A,NAC,EA19,2019,36538,
ESTAT:NAMA_10_FTE(1.0),20/12/22 15:45:00,A,NAC,EA19,2020,36171,
ESTAT:NAMA_10_FTE(1.0),20/12/22 15:45:00,A,NAC,EA19,2021,37506,
ESTAT:NAMA_10_FTE(1.0),20/12/22 15:45:00,A,NAC,EE,1997,3024,
ESTAT:NAMA_10_FTE(1.0),20/12/22 15:45:00,A,NAC,EE,1998,3403,
ESTAT:NAMA_10_FTE(1.0),20/12/22 15:45:00,A,NAC,EE,1999,3668,
ESTAT:NAMA_10_FTE(1.0),20/12/22 15:45:00,A,NAC,EE,2000,4111,
ESTAT:NAMA_10_FTE(1.0),20/12/22 15:45:00,A,NAC,EE,2001,4529,
ESTAT:NAMA_10_FTE(1.0),20/12/22 15:45:00,A,NAC,EE,2002,4952,
ESTAT:NAMA_10_FTE(1.0),20/12/22 15:45:00,A,NAC,EE,2003,5526,
ESTAT:NAMA_10_FTE(1.0),20/12/22 15:45:00,A,NAC,EE,2004,6192,
ESTAT:NAMA_10_FTE(1.0),20/12/22 15:45:00,A,NAC,EE,2005,6883,
ESTAT:NAMA_10_FTE(1.0),20/12/22 15:45:00,A,NAC,EE,2006,7893,
ESTAT:NAMA_10_FTE(1.0),20/12/22 15:45:00,A,NAC,EE,2007,9917,
ESTAT:NAMA_10_FTE(1.0),20/12/22 15:45:00,A,NAC,EE,2008,10820,
ESTAT:NAMA_10_FTE(1.0),20/12/22 15:45:00,A,NAC,EE,2009,10472,
ESTAT:NAMA_10_FTE(1.0),20/12/22 15:45:00,A,NAC,EE,2010,10827,
ESTAT:NAMA_10_FTE(1.0),20/12/22 15:45:00,A,NAC,EE,2011,11086,
ESTAT:NAMA_10_FTE(1.0),20/12/22 15:45:00,A,NAC,EE,2012,11740,
ESTAT:NAMA_10_FTE(1.0),20/12/22 15:45:00,A,NAC,EE,2013,12382,
ESTAT:NAMA_10_FTE(1.0),20/12/22 15:45:00,A,NAC,EE,2014,13112,
ESTAT:NAMA_10_FTE(1.0),20/12/22 15:45:00,A,NAC,EE,2015,13639,
ESTAT:NAMA_10_FTE(1.0),20/12/22 15:45:00,A,NAC,EE,2016,14540,
ESTAT:NAMA_10_FTE(1.0),20/12/22 15:45:00,A,NAC,EE,2017,15543,
ESTAT:NAMA_10_FTE(1.0),20/12/22 15:45:00,A,NAC,EE,2018,17086,
ESTAT:NAMA_10_FTE(1.0),20/12/22 15:45:00,A,NAC,EE,2019,18430,
ESTAT:NAMA_10_FTE(1.0),20/12/22 15:45:00,A,NAC,EE,2020,19450,
ESTAT:NAMA_10_FTE(1.0),20/12/22 15:45:00,A,NAC,EE,2021,21481,
ESTAT:NAMA_10_FTE(1.0),20/12/22 15:45:00,A,NAC,EL,1995,8815,
ESTAT:NAMA_10_FTE(1.0),20/12/22 15:45:00,A,NAC,EL,1996,9522,
ESTAT:NAMA_10_FTE(1.0),20/12/22 15:45:00,A,NAC,EL,1997,10936,
ESTAT:NAMA_10_FTE(1.0),20/12/22 15:45:00,A,NAC,EL,1998,11645,
ESTAT:NAMA_10_FTE(1.0),20/12/22 15:45:00,A,NAC,EL,1999,12414,
ESTAT:NAMA_10_FTE(1.0),20/12/22 15:45:00,A,NAC,EL,2000,13143,
ESTAT:NAMA_10_FTE(1.0),20/12/22 15:45:00,A,NAC,EL,2001,13797,
ESTAT:NAMA_10_FTE(1.0),20/12/22 15:45:00,A,NAC,EL,2002,15308,
ESTAT:NAMA_10_FTE(1.0),20/12/22 15:45:00,A,NAC,EL,2003,16289,
ESTAT:NAMA_10_FTE(1.0),20/12/22 15:45:00,A,NAC,EL,2004,17237,
ESTAT:NAMA_10_FTE(1.0),20/12/22 15:45:00,A,NAC,EL,2005,18510,
ESTAT:NAMA_10_FTE(1.0),20/12/22 15:45:00,A,NAC,EL,2006,19297,
ESTAT:NAMA_10_FTE(1.0),20/12/22 15:45:00,A,NAC,EL,2007,19959,
ESTAT:NAMA_10_FTE(1.0),20/12/22 15:45:00,A,NAC,EL,2008,20487,
ESTAT:NAMA_10_FTE(1.0),20/12/22 15:45:00,A,NAC,EL,2009,21595,
ESTAT:NAMA_10_FTE(1.0),20/12/22 15:45:00,A,NAC,EL,2010,20537,
ESTAT:NAMA_10_FTE(1.0),20/12/22 15:45:00,A,NAC,EL,2011,19837,
ESTAT:NAMA_10_FTE(1.0),20/12/22 15:45:00,A,NAC,EL,2012,18872,
ESTAT:NAMA_10_FTE(1.0),20/12/22 15:45:00,A,NAC,EL,2013,17358,
ESTAT:NAMA_10_FTE(1.0),20/12/22 15:45:00,A,NAC,EL,2014,16881,
ESTAT:NAMA_10_FTE(1.0),20/12/22 15:45:00,A,NAC,EL,2015,16847,
ESTAT:NAMA_10_FTE(1.0),20/12/22 15:45:00,A,NAC,EL,2016,16388,
ESTAT:NAMA_10_FTE(1.0),20/12/22 15:45:00,A,NAC,EL,2017,16525,
ESTAT:NAMA_10_FTE(1.0),20/12/22 15:45:00,A,NAC,EL,2018,15800,
ESTAT:NAMA_10_FTE(1.0),20/12/22 15:45:00,A,NAC,EL,2019,15829,
ESTAT:NAMA_10_FTE(1.0),20/12/22 15:45:00,A,NAC,EL,2020,15766,
ESTAT:NAMA_10_FTE(1.0),20/12/22 15:45:00,A,NAC,EL,2021,15879,
ESTAT:NAMA_10_FTE(1.0),20/12/22 15:45:00,A,NAC,ES,1995,16277,
ESTAT:NAMA_10_FTE(1.0),20/12/22 15:45:00,A,NAC,ES,1996,16961,
ESTAT:NAMA_10_FTE(1.0),20/12/22 15:45:00,A,NAC,ES,1997,17438,
ESTAT:NAMA_10_FTE(1.0),20/12/22 15:45:00,A,NAC,ES,1998,17813,
ESTAT:NAMA_10_FTE(1.0),20/12/22 15:45:00,A,NAC,ES,1999,18203,
ESTAT:NAMA_10_FTE(1.0),20/12/22 15:45:00,A,NAC,ES,2000,18546,
ESTAT:NAMA_10_FTE(1.0),20/12/22 15:45:00,A,NAC,ES,2001,19148,
ESTAT:NAMA_10_FTE(1.0),20/12/22 15:45:00,A,NAC,ES,2002,19760,
ESTAT:NAMA_10_FTE(1.0),20/12/22 15:45:00,A,NAC,ES,2003,20274,
ESTAT:NAMA_10_FTE(1.0),20/12/22 15:45:00,A,NAC,ES,2004,20710,
ESTAT:NAMA_10_FTE(1.0),20/12/22 15:45:00,A,NAC,ES,2005,21543,
ESTAT:NAMA_10_FTE(1.0),20/12/22 15:45:00,A,NAC,ES,2006,22187,
ESTAT:NAMA_10_FTE(1.0),20/12/22 15:45:00,A,NAC,ES,2007,23211,
ESTAT:NAMA_10_FTE(1.0),20/12/22 15:45:00,A,NAC,ES,2008,24852,
ESTAT:NAMA_10_FTE(1.0),20/12/22 15:45:00,A,NAC,ES,2009,26164,
ESTAT:NAMA_10_FTE(1.0),20/12/22 15:45:00,A,NAC,ES,2010,26400,
ESTAT:NAMA_10_FTE(1.0),20/12/22 15:45:00,A,NAC,ES,2011,26535,
ESTAT:NAMA_10_FTE(1.0),20/12/22 15:45:00,A,NAC,ES,2012,26334,
ESTAT:NAMA_10_FTE(1.0),20/12/22 15:45:00,A,NAC,ES,2013,26619,
ESTAT:NAMA_10_FTE(1.0),20/12/22 15:45:00,A,NAC,ES,2014,26595,
ESTAT:NAMA_10_FTE(1.0),20/12/22 15:45:00,A,NAC,ES,2015,26994,
ESTAT:NAMA_10_FTE(1.0),20/12/22 15:45:00,A,NAC,ES,2016,26877,
ESTAT:NAMA_10_FTE(1.0),20/12/22 15:45:00,A,NAC,ES,2017,26955,
ESTAT:NAMA_10_FTE(1.0),20/12/22 15:45:00,A,NAC,ES,2018,27208,
ESTAT:NAMA_10_FTE(1.0),20/12/22 15:45:00,A,NAC,ES,2019,27836,
ESTAT:NAMA_10_FTE(1.0),20/12/22 15:45:00,A,NAC,ES,2020,27419,
ESTAT:NAMA_10_FTE(1.0),20/12/22 15:45:00,A,NAC,ES,2021,28184,
ESTAT:NAMA_10_FTE(1.0),20/12/22 15:45:00,A,NAC,EU15,1995,22412,
ESTAT:NAMA_10_FTE(1.0),20/12/22 15:45:00,A,NAC,EU15,1996,23182,
ESTAT:NAMA_10_FTE(1.0),20/12/22 15:45:00,A,NAC,EU15,1997,24099,
ESTAT:NAMA_10_FTE(1.0),20/12/22 15:45:00,A,NAC,EU15,1998,24682,
ESTAT:NAMA_10_FTE(1.0),20/12/22 15:45:00,A,NAC,EU15,1999,25748,
ESTAT:NAMA_10_FTE(1.0),20/12/22 15:45:00,A,NAC,EU15,2000,27010,
ESTAT:NAMA_10_FTE(1.0),20/12/22 15:45:00,A,NAC,EU15,2001,27666,
ESTAT:NAMA_10_FTE(1.0),20/12/22 15:45:00,A,NAC,EU15,2002,28366,
ESTAT:NAMA_10_FTE(1.0),20/12/22 15:45:00,A,NAC,EU15,2003,28520,
ESTAT:NAMA_10_FTE(1.0),20/12/22 15:45:00,A,NAC,EU15,2004,29569,
ESTAT:NAMA_10_FTE(1.0),20/12/22 15:45:00,A,NAC,EU15,2005,30275,
ESTAT:NAMA_10_FTE(1.0),20/12/22 15:45:00,A,NAC,EU15,2006,31282,
ESTAT:NAMA_10_FTE(1.0),20/12/22 15:45:00,A,NAC,EU15,2007,32261,
ESTAT:NAMA_10_FTE(1.0),20/12/22 15:45:00,A,NAC,EU15,2008,32184,
ESTAT:NAMA_10_FTE(1.0),20/12/22 15:45:00,A,NAC,EU15,2009,31953,
ESTAT:NAMA_10_FTE(1.0),20/12/22 15:45:00,A,NAC,EU15,2010,32990,
ESTAT:NAMA_10_FTE(1.0),20/12/22 15:45:00,A,NAC,EU15,2011,33847,
ESTAT:NAMA_10_FTE(1.0),20/12/22 15:45:00,A,NAC,EU15,2012,34874,
ESTAT:NAMA_10_FTE(1.0),20/12/22 15:45:00,A,NAC,EU15,2013,35274,
ESTAT:NAMA_10_FTE(1.0),20/12/22 15:45:00,A,NAC,EU15,2014,36079,
ESTAT:NAMA_10_FTE(1.0),20/12/22 15:45:00,A,NAC,EU15,2015,37426,
ESTAT:NAMA_10_FTE(1.0),20/12/22 15:45:00,A,NAC,EU15,2016,37142,
ESTAT:NAMA_10_FTE(1.0),20/12/22 15:45:00,A,NAC,EU15,2017,37257,
ESTAT:NAMA_10_FTE(1.0),20/12/22 15:45:00,A,NAC,EU15,2018,37961,
ESTAT:NAMA_10_FTE(1.0),20/12/22 15:45:00,A,NAC,EU15,2019,38824,
ESTAT:NAMA_10_FTE(1.0),20/12/22 15:45:00,A,NAC,EU27_2020,2002,21902,
ESTAT:NAMA_10_FTE(1.0),20/12/22 15:45:00,A,NAC,EU27_2020,2003,22358,
ESTAT:NAMA_10_FTE(1.0),20/12/22 15:45:00,A,NAC,EU27_2020,2004,23033,
ESTAT:NAMA_10_FTE(1.0),20/12/22 15:45:00,A,NAC,EU27_2020,2005,23720,
ESTAT:NAMA_10_FTE(1.0),20/12/22 15:45:00,A,NAC,EU27_2020,2006,24328,
ESTAT:NAMA_10_FTE(1.0),20/12/22 15:45:00,A,NAC,EU27_2020,2007,25083,
ESTAT:NAMA_10_FTE(1.0),20/12/22 15:45:00,A,NAC,EU27_2020,2008,26098,
ESTAT:NAMA_10_FTE(1.0),20/12/22 15:45:00,A,NAC,EU27_2020,2009,26293,
ESTAT:NAMA_10_FTE(1.0),20/12/22 15:45:00,A,NAC,EU27_2020,2010,27215,
ESTAT:NAMA_10_FTE(1.0),20/12/22 15:45:00,A,NAC,EU27_2020,2011,27932,
ESTAT:NAMA_10_FTE(1.0),20/12/22 15:45:00,A,NAC,EU27_2020,2012,28433,
ESTAT:NAMA_10_FTE(1.0),20/12/22 15:45:00,A,NAC,EU27_2020,2013,28919,
ESTAT:NAMA_10_FTE(1.0),20/12/22 15:45:00,A,NAC,EU27_2020,2014,29193,
ESTAT:NAMA_10_FTE(1.0),20/12/22 15:45:00,A,NAC,EU27_2020,2015,29685,
ESTAT:NAMA_10_FTE(1.0),20/12/22 15:45:00,A,NAC,EU27_2020,2016,30157,
ESTAT:NAMA_10_FTE(1.0),20/12/22 15:45:00,A,NAC,EU27_2020,2017,30849,
ESTAT:NAMA_10_FTE(1.0),20/12/22 15:45:00,A,NAC,EU27_2020,2018,31511,
ESTAT:NAMA_10_FTE(1.0),20/12/22 15:45:00,A,NAC,EU27_2020,2019,32508,
ESTAT:NAMA_10_FTE(1.0),20/12/22 15:45:00,A,NAC,EU27_2020,2020,32286,
ESTAT:NAMA_10_FTE(1.0),20/12/22 15:45:00,A,NAC,EU27_2020,2021,33511,
ESTAT:NAMA_10_FTE(1.0),20/12/22 15:45:00,A,NAC,EU28,2002,23964,
ESTAT:NAMA_10_FTE(1.0),20/12/22 15:45:00,A,NAC,EU28,2003,24168,
ESTAT:NAMA_10_FTE(1.0),20/12/22 15:45:00,A,NAC,EU28,2004,24989,
ESTAT:NAMA_10_FTE(1.0),20/12/22 15:45:00,A,NAC,EU28,2005,25717,
ESTAT:NAMA_10_FTE(1.0),20/12/22 15:45:00,A,NAC,EU28,2006,26576,
ESTAT:NAMA_10_FTE(1.0),20/12/22 15:45:00,A,NAC,EU28,2007,27471,
ESTAT:NAMA_10_FTE(1.0),20/12/22 15:45:00,A,NAC,EU28,2008,27640,
ESTAT:NAMA_10_FTE(1.0),20/12/22 15:45:00,A,NAC,EU28,2009,27274,
ESTAT:NAMA_10_FTE(1.0),20/12/22 15:45:00,A,NAC,EU28,2010,28389,
ESTAT:NAMA_10_FTE(1.0),20/12/22 15:45:00,A,NAC,EU28,2011,29071,
ESTAT:NAMA_10_FTE(1.0),20/12/22 15:45:00,A,NAC,EU28,2012,29794,
ESTAT:NAMA_10_FTE(1.0),20/12/22 15:45:00,A,NAC,EU28,2013,30183,
ESTAT:NAMA_10_FTE(1.0),20/12/22 15:45:00,A,NAC,EU28,2014,30814,
ESTAT:NAMA_10_FTE(1.0),20/12/22 15:45:00,A,NAC,EU28,2015,31843,
ESTAT:NAMA_10_FTE(1.0),20/12/22 15:45:00,A,NAC,EU28,2016,31684,
ESTAT:NAMA_10_FTE(1.0),20/12/22 15:45:00,A,NAC,EU28,2017,31963,
ESTAT:NAMA_10_FTE(1.0),20/12/22 15:45:00,A,NAC,EU28,2018,32779,
ESTAT:NAMA_10_FTE(1.0),20/12/22 15:45:00,A,NAC,EU28,2019,33771,
ESTAT:NAMA_10_FTE(1.0),20/12/22 15:45:00,A,NAC,FI,1995,21908,
ESTAT:NAMA_10_FTE(1.0),20/12/22 15:45:00,A,NAC,FI,1996,22687,
ESTAT:NAMA_10_FTE(1.0),20/12/22 15:45:00,A,NAC,FI,1997,23131,
ESTAT:NAMA_10_FTE(1.0),20/12/22 15:45:00,A,NAC,FI,1998,24256,
ESTAT:NAMA_10_FTE(1.0),20/12/22 15:45:00,A,NAC,FI,1999,25242,
ESTAT:NAMA_10_FTE(1.0),20/12/22 15:45:00,A,NAC,FI,2000,26527,
ESTAT:NAMA_10_FTE(1.0),20/12/22 15:45:00,A,NAC,FI,2001,27387,
ESTAT:NAMA_10_FTE(1.0),20/12/22 15:45:00,A,NAC,FI,2002,28051,
ESTAT:NAMA_10_FTE(1.0),20/12/22 15:45:00,A,NAC,FI,2003,28830,
ESTAT:NAMA_10_FTE(1.0),20/12/22 15:45:00,A,NAC,FI,2004,29855,
ESTAT:NAMA_10_FTE(1.0),20/12/22 15:45:00,A,NAC,FI,2005,31001,
ESTAT:NAMA_10_FTE(1.0),20/12/22 15:45:00,A,NAC,FI,2006,32045,
ESTAT:NAMA_10_FTE(1.0),20/12/22 15:45:00,A,NAC,FI,2007,33092,
ESTAT:NAMA_10_FTE(1.0),20/12/22 15:45:00,A,NAC,FI,2008,34359,
ESTAT:NAMA_10_FTE(1.0),20/12/22 15:45:00,A,NAC,FI,2009,35380,
ESTAT:NAMA_10_FTE(1.0),20/12/22 15:45:00,A,NAC,FI,2010,36492,
ESTAT:NAMA_10_FTE(1.0),20/12/22 15:45:00,A,NAC,FI,2011,37652,
ESTAT:NAMA_10_FTE(1.0),20/12/22 15:45:00,A,NAC,FI,2012,38774,
ESTAT:NAMA_10_FTE(1.0),20/12/22 15:45:00,A,NAC,FI,2013,39313,
ESTAT:NAMA_10_FTE(1.0),20/12/22 15:45:00,A,NAC,FI,2014,39831,
ESTAT:NAMA_10_FTE(1.0),20/12/22 15:45:00,A,NAC,FI,2015,40341,
ESTAT:NAMA_10_FTE(1.0),20/12/22 15:45:00,A,NAC,FI,2016,40732,
ESTAT:NAMA_10_FTE(1.0),20/12/22 15:45:00,A,NAC,FI,2017,41033,
ESTAT:NAMA_10_FTE(1.0),20/12/22 15:45:00,A,NAC,FI,2018,41845,
ESTAT:NAMA_10_FTE(1.0),20/12/22 15:45:00,A,NAC,FI,2019,42765,
ESTAT:NAMA_10_FTE(1.0),20/12/22 15:45:00,A,NAC,FI,2020,43030,
ESTAT:NAMA_10_FTE(1.0),20/12/22 15:45:00,A,NAC,FI,2021,43193,
ESTAT:NAMA_10_FTE(1.0),20/12/22 15:45:00,A,NAC,FR,1995,23081,
ESTAT:NAMA_10_FTE(1.0),20/12/22 15:45:00,A,NAC,FR,1996,23505,
ESTAT:NAMA_10_FTE(1.0),20/12/22 15:45:00,A,NAC,FR,1997,23948,
ESTAT:NAMA_10_FTE(1.0),20/12/22 15:45:00,A,NAC,FR,1998,24463,
ESTAT:NAMA_10_FTE(1.0),20/12/22 15:45:00,A,NAC,FR,1999,24857,
ESTAT:NAMA_10_FTE(1.0),20/12/22 15:45:00,A,NAC,FR,2000,25552,
ESTAT:NAMA_10_FTE(1.0),20/12/22 15:45:00,A,NAC,FR,2001,26228,
ESTAT:NAMA_10_FTE(1.0),20/12/22 15:45:00,A,NAC,FR,2002,27139,
ESTAT:NAMA_10_FTE(1.0),20/12/22 15:45:00,A,NAC,FR,2003,27937,
ESTAT:NAMA_10_FTE(1.0),20/12/22 15:45:00,A,NAC,FR,2004,28942,
ESTAT:NAMA_10_FTE(1.0),20/12/22 15:45:00,A,NAC,FR,2005,29912,
ESTAT:NAMA_10_FTE(1.0),20/12/22 15:45:00,A,NAC,FR,2006,30915,
ESTAT:NAMA_10_FTE(1.0),20/12/22 15:45:00,A,NAC,FR,2007,31701,
ESTAT:NAMA_10_FTE(1.0),20/12/22 15:45:00,A,NAC,FR,2008,32435,
ESTAT:NAMA_10_FTE(1.0),20/12/22 15:45:00,A,NAC,FR,2009,33058,
ESTAT:NAMA_10_FTE(1.0),20/12/22 15:45:00,A,NAC,FR,2010,34153,
ESTAT:NAMA_10_FTE(1.0),20/12/22 15:45:00,A,NAC,FR,2011,34648,
ESTAT:NAMA_10_FTE(1.0),20/12/22 15:45:00,A,NAC,FR,2012,35340,
ESTAT:NAMA_10_FTE(1.0),20/12/22 15:45:00,A,NAC,FR,2013,35991,
ESTAT:NAMA_10_FTE(1.0),20/12/22 15:45:00,A,NAC,FR,2014,36287,
ESTAT:NAMA_10_FTE(1.0),20/12/22 15:45:00,A,NAC,FR,2015,36761,
ESTAT:NAMA_10_FTE(1.0),20/12/22 15:45:00,A,NAC,FR,2016,37194,
ESTAT:NAMA_10_FTE(1.0),20/12/22 15:45:00,A,NAC,FR,2017,38094,
ESTAT:NAMA_10_FTE(1.0),20/12/22 15:45:00,A,NAC,FR,2018,38650,
ESTAT:NAMA_10_FTE(1.0),20/12/22 15:45:00,A,NAC,FR,2019,39385,
ESTAT:NAMA_10_FTE(1.0),20/12/22 15:45:00,A,NAC,FR,2020,38180,
ESTAT:NAMA_10_FTE(1.0),20/12/22 15:45:00,A,NAC,FR,2021,40135,
ESTAT:NAMA_10_FTE(1.0),20/12/22 15:45:00,A,NAC,HR,2002,76996,
ESTAT:NAMA_10_FTE(1.0),20/12/22 15:45:00,A,NAC,HR,2003,83239,
ESTAT:NAMA_10_FTE(1.0),20/12/22 15:45:00,A,NAC,HR,2004,87049,
ESTAT:NAMA_10_FTE(1.0),20/12/22 15:45:00,A,NAC,HR,2005,91850,
ESTAT:NAMA_10_FTE(1.0),20/12/22 15:45:00,A,NAC,HR,2006,94293,
ESTAT:NAMA_10_FTE(1.0),20/12/22 15:45:00,A,NAC,HR,2007,99277,
ESTAT:NAMA_10_FTE(1.0),20/12/22 15:45:00,A,NAC,HR,2008,103595,
ESTAT:NAMA_10_FTE(1.0),20/12/22 15:45:00,A,NAC,HR,2009,103732,
ESTAT:NAMA_10_FTE(1.0),20/12/22 15:45:00,A,NAC,HR,2010,106146,
ESTAT:NAMA_10_FTE(1.0),20/12/22 15:45:00,A,NAC,HR,2011,109858,
ESTAT:NAMA_10_FTE(1.0),20/12/22 15:45:00,A,NAC,HR,2012,110599,
ESTAT:NAMA_10_FTE(1.0),20/12/22 15:45:00,A,NAC,HR,2013,109685,
ESTAT:NAMA_10_FTE(1.0),20/12/22 15:45:00,A,NAC,HR,2014,103979,
ESTAT:NAMA_10_FTE(1.0),20/12/22 15:45:00,A,NAC,HR,2015,105142,
ESTAT:NAMA_10_FTE(1.0),20/12/22 15:45:00,A,NAC,HR,2016,106431,
ESTAT:NAMA_10_FTE(1.0),20/12/22 15:45:00,A,NAC,HR,2017,106821,
ESTAT:NAMA_10_FTE(1.0),20/12/22 15:45:00,A,NAC,HR,2018,111429,
ESTAT:NAMA_10_FTE(1.0),20/12/22 15:45:00,A,NAC,HR,2019,112108,
ESTAT:NAMA_10_FTE(1.0),20/12/22 15:45:00,A,NAC,HR,2020,115255,
ESTAT:NAMA_10_FTE(1.0),20/12/22 15:45:00,A,NAC,HR,2021,121727,
ESTAT:NAMA_10_FTE(1.0),20/12/22 15:45:00,A,NAC,HU,1996,678786,
ESTAT:NAMA_10_FTE(1.0),20/12/22 15:45:00,A,NAC,HU,1997,823645,
ESTAT:NAMA_10_FTE(1.0),20/12/22 15:45:00,A,NAC,HU,1998,955224,
ESTAT:NAMA_10_FTE(1.0),20/12/22 15:45:00,A,NAC,HU,1999,1048591,
ESTAT:NAMA_10_FTE(1.0),20/12/22 15:45:00,A,NAC,HU,2000,1222686,
ESTAT:NAMA_10_FTE(1.0),20/12/22 15:45:00,A,NAC,HU,2001,1442318,
ESTAT:NAMA_10_FTE(1.0),20/12/22 15:45:00,A,NAC,HU,2002,1609960,
ESTAT:NAMA_10_FTE(1.0),20/12/22 15:45:00,A,NAC,HU,2003,1815097,
ESTAT:NAMA_10_FTE(1.0),20/12/22 15:45:00,A,NAC,HU,2004,2048654,
ESTAT:NAMA_10_FTE(1.0),20/12/22 15:45:00,A,NAC,HU,2005,2216199,
ESTAT:NAMA_10_FTE(1.0),20/12/22 15:45:00,A,NAC,HU,2006,2333488,
ESTAT:NAMA_10_FTE(1.0),20/12/22 15:45:00,A,NAC,HU,2007,2475478,
ESTAT:NAMA_10_FTE(1.0),20/12/22 15:45:00,A,NAC,HU,2008,2651164,
ESTAT:NAMA_10_FTE(1.0),20/12/22 15:45:00,A,NAC,HU,2009,2611870,
ESTAT:NAMA_10_FTE(1.0),20/12/22 15:45:00,A,NAC,HU,2010,2727006,
ESTAT:NAMA_10_FTE(1.0),20/12/22 15:45:00,A,NAC,HU,2011,2857356,
ESTAT:NAMA_10_FTE(1.0),20/12/22 15:45:00,A,NAC,HU,2012,2921690,
ESTAT:NAMA_10_FTE(1.0),20/12/22 15:45:00,A,NAC,HU,2013,2944889,
ESTAT:NAMA_10_FTE(1.0),20/12/22 15:45:00,A,NAC,HU,2014,2949525,
ESTAT:NAMA_10_FTE(1.0),20/12/22 15:45:00,A,NAC,HU,2015,2992466,
ESTAT:NAMA_10_FTE(1.0),20/12/22 15:45:00,A,NAC,HU,2016,3040921,
ESTAT:NAMA_10_FTE(1.0),20/12/22 15:45:00,A,NAC,HU,2017,3367168,
ESTAT:NAMA_10_FTE(1.0),20/12/22 15:45:00,A,NAC,HU,2018,3647290,
ESTAT:NAMA_10_FTE(1.0),20/12/22 15:45:00,A,NAC,HU,2019,3945362,
ESTAT:NAMA_10_FTE(1.0),20/12/22 15:45:00,A,NAC,HU,2020,4140565,
ESTAT:NAMA_10_FTE(1.0),20/12/22 15:45:00,A,NAC,HU,2021,4523807,
ESTAT:NAMA_10_FTE(1.0),20/12/22 15:45:00,A,NAC,IE,1995,20019,
ESTAT:NAMA_10_FTE(1.0),20/12/22 15:45:00,A,NAC,IE,1996,20965,
ESTAT:NAMA_10_FTE(1.0),20/12/22 15:45:00,A,NAC,IE,1997,22731,
ESTAT:NAMA_10_FTE(1.0),20/12/22 15:45:00,A,NAC,IE,1998,25260,
ESTAT:NAMA_10_FTE(1.0),20/12/22 15:45:00,A,NAC,IE,1999,26532,
ESTAT:NAMA_10_FTE(1.0),20/12/22 15:45:00,A,NAC,IE,2000,28573,
ESTAT:NAMA_10_FTE(1.0),20/12/22 15:45:00,A,NAC,IE,2001,30643,
ESTAT:NAMA_10_FTE(1.0),20/12/22 15:45:00,A,NAC,IE,2002,32317,
ESTAT:NAMA_10_FTE(1.0),20/12/22 15:45:00,A,NAC,IE,2003,34494,
ESTAT:NAMA_10_FTE(1.0),20/12/22 15:45:00,A,NAC,IE,2004,36233,
ESTAT:NAMA_10_FTE(1.0),20/12/22 15:45:00,A,NAC,IE,2005,38000,
ESTAT:NAMA_10_FTE(1.0),20/12/22 15:45:00,A,NAC,IE,2006,39364,
ESTAT:NAMA_10_FTE(1.0),20/12/22 15:45:00,A,NAC,IE,2007,41837,
ESTAT:NAMA_10_FTE(1.0),20/12/22 15:45:00,A,NAC,IE,2008,43925,
ESTAT:NAMA_10_FTE(1.0),20/12/22 15:45:00,A,NAC,IE,2009,43767,
ESTAT:NAMA_10_FTE(1.0),20/12/22 15:45:00,A,NAC,IE,2010,42332,
ESTAT:NAMA_10_FTE(1.0),20/12/22 15:45:00,A,NAC,IE,2011,42050,
ESTAT:NAMA_10_FTE(1.0),20/12/22 15:45:00,A,NAC,IE,2012,42184,
ESTAT:NAMA_10_FTE(1.0),20/12/22 15:45:00,A,NAC,IE,2013,41690,
ESTAT:NAMA_10_FTE(1.0),20/12/22 15:45:00,A,NAC,IE,2014,41987,
ESTAT:NAMA_10_FTE(1.0),20/12/22 15:45:00,A,NAC,IE,2015,42323,
ESTAT:NAMA_10_FTE(1.0),20/12/22 15:45:00,A,NAC,IE,2016,43209,
ESTAT:NAMA_10_FTE(1.0),20/12/22 15:45:00,A,NAC,IE,2017,44406,
ESTAT:NAMA_10_FTE(1.0),20/12/22 15:45:00,A,NAC,IE,2018,45857,
ESTAT:NAMA_10_FTE(1.0),20/12/22 15:45:00,A,NAC,IE,2019,47580,
ESTAT:NAMA_10_FTE(1.0),20/12/22 15:45:00,A,NAC,IE,2020,48890,
ESTAT:NAMA_10_FTE(1.0),20/12/22 15:45:00,A,NAC,IE,2021,50347,
ESTAT:NAMA_10_FTE(1.0),20/12/22 15:45:00,A,NAC,IT,1995,17174,
ESTAT:NAMA_10_FTE(1.0),20/12/22 15:45:00,A,NAC,IT,1996,18059,
ESTAT:NAMA_10_FTE(1.0),20/12/22 15:45:00,A,NAC,IT,1997,18895,
ESTAT:NAMA_10_FTE(1.0),20/12/22 15:45:00,A,NAC,IT,1998,19336,
ESTAT:NAMA_10_FTE(1.0),20/12/22 15:45:00,A,NAC,IT,1999,19925,
ESTAT:NAMA_10_FTE(1.0),20/12/22 15:45:00,A,NAC,IT,2000,20576,
ESTAT:NAMA_10_FTE(1.0),20/12/22 15:45:00,A,NAC,IT,2001,21259,
ESTAT:NAMA_10_FTE(1.0),20/12/22 15:45:00,A,NAC,IT,2002,21714,
ESTAT:NAMA_10_FTE(1.0),20/12/22 15:45:00,A,NAC,IT,2003,22322,
ESTAT:NAMA_10_FTE(1.0),20/12/22 15:45:00,A,NAC,IT,2004,23650,
ESTAT:NAMA_10_FTE(1.0),20/12/22 15:45:00,A,NAC,IT,2005,24321,
ESTAT:NAMA_10_FTE(1.0),20/12/22 15:45:00,A,NAC,IT,2006,25133,
ESTAT:NAMA_10_FTE(1.0),20/12/22 15:45:00,A,NAC,IT,2007,25736,
ESTAT:NAMA_10_FTE(1.0),20/12/22 15:45:00,A,NAC,IT,2008,26541,
ESTAT:NAMA_10_FTE(1.0),20/12/22 15:45:00,A,NAC,IT,2009,26663,
ESTAT:NAMA_10_FTE(1.0),20/12/22 15:45:00,A,NAC,IT,2010,27263,
ESTAT:NAMA_10_FTE(1.0),20/12/22 15:45:00,A,NAC,IT,2011,27692,
ESTAT:NAMA_10_FTE(1.0),20/12/22 15:45:00,A,NAC,IT,2012,27540,
ESTAT:NAMA_10_FTE(1.0),20/12/22 15:45:00,A,NAC,IT,2013,27937,
ESTAT:NAMA_10_FTE(1.0),20/12/22 15:45:00,A,NAC,IT,2014,28122,
ESTAT:NAMA_10_FTE(1.0),20/12/22 15:45:00,A,NAC,IT,2015,28469,
ESTAT:NAMA_10_FTE(1.0),20/12/22 15:45:00,A,NAC,IT,2016,28701,
ESTAT:NAMA_10_FTE(1.0),20/12/22 15:45:00,A,NAC,IT,2017,28790,
ESTAT:NAMA_10_FTE(1.0),20/12/22 15:45:00,A,NAC,IT,2018,29240,
ESTAT:NAMA_10_FTE(1.0),20/12/22 15:45:00,A,NAC,IT,2019,29623,
ESTAT:NAMA_10_FTE(1.0),20/12/22 15:45:00,A,NAC,IT,2020,28273,
ESTAT:NAMA_10_FTE(1.0),20/12/22 15:45:00,A,NAC,IT,2021,29951,
ESTAT:NAMA_10_FTE(1.0),20/12/22 15:45:00,A,NAC,LT,1998,3710,
ESTAT:NAMA_10_FTE(1.0),20/12/22 15:45:00,A,NAC,LT,2000,3734,
ESTAT:NAMA_10_FTE(1.0),20/12/22 15:45:00,A,NAC,LT,2001,4041,
ESTAT:NAMA_10_FTE(1.0),20/12/22 15:45:00,A,NAC,LT,2002,4323,
ESTAT:NAMA_10_FTE(1.0),20/12/22 15:45:00,A,NAC,LT,2003,4716,
ESTAT:NAMA_10_FTE(1.0),20/12/22 15:45:00,A,NAC,LT,2004,5216,
ESTAT:NAMA_10_FTE(1.0),20/12/22 15:45:00,A,NAC,LT,2005,5899,
ESTAT:NAMA_10_FTE(1.0),20/12/22 15:45:00,A,NAC,LT,2006,7142,
ESTAT:NAMA_10_FTE(1.0),20/12/22 15:45:00,A,NAC,LT,2007,8048,
ESTAT:NAMA_10_FTE(1.0),20/12/22 15:45:00,A,NAC,LT,2008,9077,
ESTAT:NAMA_10_FTE(1.0),20/12/22 15:45:00,A,NAC,LT,2009,8238,
ESTAT:NAMA_10_FTE(1.0),20/12/22 15:45:00,A,NAC,LT,2010,8368,
ESTAT:NAMA_10_FTE(1.0),20/12/22 15:45:00,A,NAC,LT,2011,8935,
ESTAT:NAMA_10_FTE(1.0),20/12/22 15:45:00,A,NAC,LT,2012,9359,
ESTAT:NAMA_10_FTE(1.0),20/12/22 15:45:00,A,NAC,LT,2013,9811,
ESTAT:NAMA_10_FTE(1.0),20/12/22 15:45:00,A,NAC,LT,2014,10225,
ESTAT:NAMA_10_FTE(1.0),20/12/22 15:45:00,A,NAC,LT,2015,10786,
ESTAT:NAMA_10_FTE(1.0),20/12/22 15:45:00,A,NAC,LT,2016,11453,
ESTAT:NAMA_10_FTE(1.0),20/12/22 15:45:00,A,NAC,LT,2017,12548,
ESTAT:NAMA_10_FTE(1.0),20/12/22 15:45:00,A,NAC,LT,2018,13501,
ESTAT:NAMA_10_FTE(1.0),20/12/22 15:45:00,A,NAC,LT,2019,18362,
ESTAT:NAMA_10_FTE(1.0),20/12/22 15:45:00,A,NAC,LT,2020,19497,
ESTAT:NAMA_10_FTE(1.0),20/12/22 15:45:00,A,NAC,LT,2021,21741,
ESTAT:NAMA_10_FTE(1.0),20/12/22 15:45:00,A,NAC,LU,1995,32555,
ESTAT:NAMA_10_FTE(1.0),20/12/22 15:45:00,A,NAC,LU,1996,33640,
ESTAT:NAMA_10_FTE(1.0),20/12/22 15:45:00,A,NAC,LU,1997,34952,
ESTAT:NAMA_10_FTE(1.0),20/12/22 15:45:00,A,NAC,LU,1998,35418,
ESTAT:NAMA_10_FTE(1.0),20/12/22 15:45:00,A,NAC,LU,1999,37517,
ESTAT:NAMA_10_FTE(1.0),20/12/22 15:45:00,A,NAC,LU,2000,40009,
ESTAT:NAMA_10_FTE(1.0),20/12/22 15:45:00,A,NAC,LU,2001,40916,
ESTAT:NAMA_10_FTE(1.0),20/12/22 15:45:00,A,NAC,LU,2002,42703,
ESTAT:NAMA_10_FTE(1.0),20/12/22 15:45:00,A,NAC,LU,2003,43691,
ESTAT:NAMA_10_FTE(1.0),20/12/22 15:45:00,A,NAC,LU,2004,45777,
ESTAT:NAMA_10_FTE(1.0),20/12/22 15:45:00,A,NAC,LU,2005,47703,
ESTAT:NAMA_10_FTE(1.0),20/12/22 15:45:00,A,NAC,LU,2006,49544,
ESTAT:NAMA_10_FTE(1.0),20/12/22 15:45:00,A,NAC,LU,2007,51991,
ESTAT:NAMA_10_FTE(1.0),20/12/22 15:45:00,A,NAC,LU,2008,53321,
ESTAT:NAMA_10_FTE(1.0),20/12/22 15:45:00,A,NAC,LU,2009,53607,
ESTAT:NAMA_10_FTE(1.0),20/12/22 15:45:00,A,NAC,LU,2010,54797,
ESTAT:NAMA_10_FTE(1.0),20/12/22 15:45:00,A,NAC,LU,2011,56881,
ESTAT:NAMA_10_FTE(1.0),20/12/22 15:45:00,A,NAC,LU,2012,57793,
ESTAT:NAMA_10_FTE(1.0),20/12/22 15:45:00,A,NAC,LU,2013,59332,
ESTAT:NAMA_10_FTE(1.0),20/12/22 15:45:00,A,NAC,LU,2014,60639,
ESTAT:NAMA_10_FTE(1.0),20/12/22 15:45:00,A,NAC,LU,2015,61396,
ESTAT:NAMA_10_FTE(1.0),20/12/22 15:45:00,A,NAC,LU,2016,62037,
ESTAT:NAMA_10_FTE(1.0),20/12/22 15:45:00,A,NAC,LU,2017,64316,
ESTAT:NAMA_10_FTE(1.0),20/12/22 15:45:00,A,NAC,LU,2018,65570,
ESTAT:NAMA_10_FTE(1.0),20/12/22 15:45:00,A,NAC,LU,2019,66890,
ESTAT:NAMA_10_FTE(1.0),20/12/22 15:45:00,A,NAC,LU,2020,67890,
ESTAT:NAMA_10_FTE(1.0),20/12/22 15:45:00,A,NAC,LU,2021,72247,
ESTAT:NAMA_10_FTE(1.0),20/12/22 15:45:00,A,NAC,LV,1998,2543,
ESTAT:NAMA_10_FTE(1.0),20/12/22 15:45:00,A,NAC,LV,1999,2732,
ESTAT:NAMA_10_FTE(1.0),20/12/22 15:45:00,A,NAC,LV,2000,2977,
ESTAT:NAMA_10_FTE(1.0),20/12/22 15:45:00,A,NAC,LV,2001,3184,
ESTAT:NAMA_10_FTE(1.0),20/12/22 15:45:00,A,NAC,LV,2002,3310,
ESTAT:NAMA_10_FTE(1.0),20/12/22 15:45:00,A,NAC,LV,2003,3748,
ESTAT:NAMA_10_FTE(1.0),20/12/22 15:45:00,A,NAC,LV,2004,4350,
ESTAT:NAMA_10_FTE(1.0),20/12/22 15:45:00,A,NAC,LV,2005,5559,
ESTAT:NAMA_10_FTE(1.0),20/12/22 15:45:00,A,NAC,LV,2006,6771,
ESTAT:NAMA_10_FTE(1.0),20/12/22 15:45:00,A,NAC,LV,2007,9210,
ESTAT:NAMA_10_FTE(1.0),20/12/22 15:45:00,A,NAC,LV,2008,10834,
ESTAT:NAMA_10_FTE(1.0),20/12/22 15:45:00,A,NAC,LV,2009,9460,
ESTAT:NAMA_10_FTE(1.0),20/12/22 15:45:00,A,NAC,LV,2010,8950,
ESTAT:NAMA_10_FTE(1.0),20/12/22 15:45:00,A,NAC,LV,2011,9152,
ESTAT:NAMA_10_FTE(1.0),20/12/22 15:45:00,A,NAC,LV,2012,9834,
ESTAT:NAMA_10_FTE(1.0),20/12/22 15:45:00,A,NAC,LV,2013,10298,
ESTAT:NAMA_10_FTE(1.0),20/12/22 15:45:00,A,NAC,LV,2014,11207,
ESTAT:NAMA_10_FTE(1.0),20/12/22 15:45:00,A,NAC,LV,2015,12059,
ESTAT:NAMA_10_FTE(1.0),20/12/22 15:45:00,A,NAC,LV,2016,12981,
ESTAT:NAMA_10_FTE(1.0),20/12/22 15:45:00,A,NAC,LV,2017,13899,
ESTAT:NAMA_10_FTE(1.0),20/12/22 15:45:00,A,NAC,LV,2018,14883,
ESTAT:NAMA_10_FTE(1.0),20/12/22 15:45:00,A,NAC,LV,2019,16024,
ESTAT:NAMA_10_FTE(1.0),20/12/22 15:45:00,A,NAC,LV,2020,16815,
ESTAT:NAMA_10_FTE(1.0),20/12/22 15:45:00,A,NAC,LV,2021,18707,
ESTAT:NAMA_10_FTE(1.0),20/12/22 15:45:00,A,NAC,MT,2000,12977,
ESTAT:NAMA_10_FTE(1.0),20/12/22 15:45:00,A,NAC,MT,2001,13638,
ESTAT:NAMA_10_FTE(1.0),20/12/22 15:45:00,A,NAC,MT,2002,14268,
ESTAT:NAMA_10_FTE(1.0),20/12/22 15:45:00,A,NAC,MT,2003,15313,
ESTAT:NAMA_10_FTE(1.0),20/12/22 15:45:00,A,NAC,MT,2004,15499,
ESTAT:NAMA_10_FTE(1.0),20/12/22 15:45:00,A,NAC,MT,2005,15917,
ESTAT:NAMA_10_FTE(1.0),20/12/22 15:45:00,A,NAC,MT,2006,16717,
ESTAT:NAMA_10_FTE(1.0),20/12/22 15:45:00,A,NAC,MT,2007,17402,
ESTAT:NAMA_10_FTE(1.0),20/12/22 15:45:00,A,NAC,MT,2008,18136,
ESTAT:NAMA_10_FTE(1.0),20/12/22 15:45:00,A,NAC,MT,2009,18610,
ESTAT:NAMA_10_FTE(1.0),20/12/22 15:45:00,A,NAC,MT,2010,19277,
ESTAT:NAMA_10_FTE(1.0),20/12/22 15:45:00,A,NAC,MT,2011,20131,
ESTAT:NAMA_10_FTE(1.0),20/12/22 15:45:00,A,NAC,MT,2012,20741,
ESTAT:NAMA_10_FTE(1.0),20/12/22 15:45:00,A,NAC,MT,2013,21316,
ESTAT:NAMA_10_FTE(1.0),20/12/22 15:45:00,A,NAC,MT,2014,21764,
ESTAT:NAMA_10_FTE(1.0),20/12/22 15:45:00,A,NAC,MT,2015,23013,
ESTAT:NAMA_10_FTE(1.0),20/12/22 15:45:00,A,NAC,MT,2016,24074,
ESTAT:NAMA_10_FTE(1.0),20/12/22 15:45:00,A,NAC,MT,2017,24576,
ESTAT:NAMA_10_FTE(1.0),20/12/22 15:45:00,A,NAC,MT,2018,25494,
ESTAT:NAMA_10_FTE(1.0),20/12/22 15:45:00,A,NAC,MT,2019,26532,
ESTAT:NAMA_10_FTE(1.0),20/12/22 15:45:00,A,NAC,MT,2020,26078,
ESTAT:NAMA_10_FTE(1.0),20/12/22 15:45:00,A,NAC,MT,2021,27334,
ESTAT:NAMA_10_FTE(1.0),20/12/22 15:45:00,A,NAC,PL,2001,27722,
ESTAT:NAMA_10_FTE(1.0),20/12/22 15:45:00,A,NAC,PL,2002,28550,
ESTAT:NAMA_10_FTE(1.0),20/12/22 15:45:00,A,NAC,PL,2003,28967,
ESTAT:NAMA_10_FTE(1.0),20/12/22 15:45:00,A,NAC,PL,2004,29654,
ESTAT:NAMA_10_FTE(1.0),20/12/22 15:45:00,A,NAC,PL,2005,30175,
ESTAT:NAMA_10_FTE(1.0),20/12/22 15:45:00,A,NAC,PL,2006,30844,
ESTAT:NAMA_10_FTE(1.0),20/12/22 15:45:00,A,NAC,PL,2007,32647,
ESTAT:NAMA_10_FTE(1.0),20/12/22 15:45:00,A,NAC,PL,2008,35816,
ESTAT:NAMA_10_FTE(1.0),20/12/22 15:45:00,A,NAC,PL,2009,36822,
ESTAT:NAMA_10_FTE(1.0),20/12/22 15:45:00,A,NAC,PL,2010,40559,
ESTAT:NAMA_10_FTE(1.0),20/12/22 15:45:00,A,NAC,PL,2011,42804,
ESTAT:NAMA_10_FTE(1.0),20/12/22 15:45:00,A,NAC,PL,2012,43697,
ESTAT:NAMA_10_FTE(1.0),20/12/22 15:45:00,A,NAC,PL,2013,44364,
ESTAT:NAMA_10_FTE(1.0),20/12/22 15:45:00,A,NAC,PL,2014,45364,
ESTAT:NAMA_10_FTE(1.0),20/12/22 15:45:00,A,NAC,PL,2015,46426,
ESTAT:NAMA_10_FTE(1.0),20/12/22 15:45:00,A,NAC,PL,2016,48631,
ESTAT:NAMA_10_FTE(1.0),20/12/22 15:45:00,A,NAC,PL,2017,51449,
ESTAT:NAMA_10_FTE(1.0),20/12/22 15:45:00,A,NAC,PL,2018,55702,
ESTAT:NAMA_10_FTE(1.0),20/12/22 15:45:00,A,NAC,PL,2019,60368,
ESTAT:NAMA_10_FTE(1.0),20/12/22 15:45:00,A,NAC,PL,2020,63654,
ESTAT:NAMA_10_FTE(1.0),20/12/22 15:45:00,A,NAC,PL,2021,65880,
ESTAT:NAMA_10_FTE(1.0),20/12/22 15:45:00,A,NAC,PT,1995,9494,
ESTAT:NAMA_10_FTE(1.0),20/12/22 15:45:00,A,NAC,PT,1996,10110,
ESTAT:NAMA_10_FTE(1.0),20/12/22 15:45:00,A,NAC,PT,1997,10703,
ESTAT:NAMA_10_FTE(1.0),20/12/22 15:45:00,A,NAC,PT,1998,11295,
ESTAT:NAMA_10_FTE(1.0),20/12/22 15:45:00,A,NAC,PT,1999,11986,
ESTAT:NAMA_10_FTE(1.0),20/12/22 15:45:00,A,NAC,PT,2000,12626,
ESTAT:NAMA_10_FTE(1.0),20/12/22 15:45:00,A,NAC,PT,2001,13129,
ESTAT:NAMA_10_FTE(1.0),20/12/22 15:45:00,A,NAC,PT,2002,13567,
ESTAT:NAMA_10_FTE(1.0),20/12/22 15:45:00,A,NAC,PT,2003,14083,
ESTAT:NAMA_10_FTE(1.0),20/12/22 15:45:00,A,NAC,PT,2004,14401,
ESTAT:NAMA_10_FTE(1.0),20/12/22 15:45:00,A,NAC,PT,2005,14873,
ESTAT:NAMA_10_FTE(1.0),20/12/22 15:45:00,A,NAC,PT,2006,15100,
ESTAT:NAMA_10_FTE(1.0),20/12/22 15:45:00,A,NAC,PT,2007,15729,
ESTAT:NAMA_10_FTE(1.0),20/12/22 15:45:00,A,NAC,PT,2008,16099,
ESTAT:NAMA_10_FTE(1.0),20/12/22 15:45:00,A,NAC,PT,2009,16519,
ESTAT:NAMA_10_FTE(1.0),20/12/22 15:45:00,A,NAC,PT,2010,16750,
ESTAT:NAMA_10_FTE(1.0),20/12/22 15:45:00,A,NAC,PT,2011,16654,
ESTAT:NAMA_10_FTE(1.0),20/12/22 15:45:00,A,NAC,PT,2012,16232,
ESTAT:NAMA_10_FTE(1.0),20/12/22 15:45:00,A,NAC,PT,2013,16625,
ESTAT:NAMA_10_FTE(1.0),20/12/22 15:45:00,A,NAC,PT,2014,16369,
ESTAT:NAMA_10_FTE(1.0),20/12/22 15:45:00,A,NAC,PT,2015,16500,
ESTAT:NAMA_10_FTE(1.0),20/12/22 15:45:00,A,NAC,PT,2016,16692,
ESTAT:NAMA_10_FTE(1.0),20/12/22 15:45:00,A,NAC,PT,2017,17050,
ESTAT:NAMA_10_FTE(1.0),20/12/22 15:45:00,A,NAC,PT,2018,17509,
ESTAT:NAMA_10_FTE(1.0),20/12/22 15:45:00,A,NAC,PT,2019,18383,
ESTAT:NAMA_10_FTE(1.0),20/12/22 15:45:00,A,NAC,PT,2020,18628,
ESTAT:NAMA_10_FTE(1.0),20/12/22 15:45:00,A,NAC,PT,2021,19301,
ESTAT:NAMA_10_FTE(1.0),20/12/22 15:45:00,A,NAC,RO,1997,964,
ESTAT:NAMA_10_FTE(1.0),20/12/22 15:45:00,A,NAC,RO,1998,1834,
ESTAT:NAMA_10_FTE(1.0),20/12/22 15:45:00,A,NAC,RO,1999,2430,
ESTAT:NAMA_10_FTE(1.0),20/12/22 15:45:00,A,NAC,RO,2000,4270,
ESTAT:NAMA_10_FTE(1.0),20/12/22 15:45:00,A,NAC,RO,2001,6921,
ESTAT:NAMA_10_FTE(1.0),20/12/22 15:45:00,A,NAC,RO,2002,8104,
ESTAT:NAMA_10_FTE(1.0),20/12/22 15:45:00,A,NAC,RO,2003,10308,
ESTAT:NAMA_10_FTE(1.0),20/12/22 15:45:00,A,NAC,RO,2004,12158,
ESTAT:NAMA_10_FTE(1.0),20/12/22 15:45:00,A,NAC,RO,2005,15302,
ESTAT:NAMA_10_FTE(1.0),20/12/22 15:45:00,A,NAC,RO,2006,17217,
ESTAT:NAMA_10_FTE(1.0),20/12/22 15:45:00,A,NAC,RO,2007,17986,
ESTAT:NAMA_10_FTE(1.0),20/12/22 15:45:00,A,NAC,RO,2008,25277,
ESTAT:NAMA_10_FTE(1.0),20/12/22 15:45:00,A,NAC,RO,2009,24122,
ESTAT:NAMA_10_FTE(1.0),20/12/22 15:45:00,A,NAC,RO,2010,25610,
ESTAT:NAMA_10_FTE(1.0),20/12/22 15:45:00,A,NAC,RO,2011,26336,
ESTAT:NAMA_10_FTE(1.0),20/12/22 15:45:00,A,NAC,RO,2012,27173,
ESTAT:NAMA_10_FTE(1.0),20/12/22 15:45:00,A,NAC,RO,2013,28288,
ESTAT:NAMA_10_FTE(1.0),20/12/22 15:45:00,A,NAC,RO,2014,30272,
ESTAT:NAMA_10_FTE(1.0),20/12/22 15:45:00,A,NAC,RO,2015,31344,
ESTAT:NAMA_10_FTE(1.0),20/12/22 15:45:00,A,NAC,RO,2016,35993,
ESTAT:NAMA_10_FTE(1.0),20/12/22 15:45:00,A,NAC,RO,2017,41055,
ESTAT:NAMA_10_FTE(1.0),20/12/22 15:45:00,A,NAC,RO,2018,52760,
ESTAT:NAMA_10_FTE(1.0),20/12/22 15:45:00,A,NAC,RO,2019,59017,
ESTAT:NAMA_10_FTE(1.0),20/12/22 15:45:00,A,NAC,RO,2020,61352,
ESTAT:NAMA_10_FTE(1.0),20/12/22 15:45:00,A,NAC,RO,2021,63981,
ESTAT:NAMA_10_FTE(1.0),20/12/22 15:45:00,A,NAC,SE,1995,210409,
ESTAT:NAMA_10_FTE(1.0),20/12/22 15:45:00,A,NAC,SE,1996,222871,
ESTAT:NAMA_10_FTE(1.0),20/12/22 15:45:00,A,NAC,SE,1997,234236,
ESTAT:NAMA_10_FTE(1.0),20/12/22 15:45:00,A,NAC,SE,1998,241659,
ESTAT:NAMA_10_FTE(1.0),20/12/22 15:45:00,A,NAC,SE,1999,250884,
ESTAT:NAMA_10_FTE(1.0),20/12/22 15:45:00,A,NAC,SE,2000,259930,
ESTAT:NAMA_10_FTE(1.0),20/12/22 15:45:00,A,NAC,SE,2001,266958,
ESTAT:NAMA_10_FTE(1.0),20/12/22 15:45:00,A,NAC,SE,2002,274914,
ESTAT:NAMA_10_FTE(1.0),20/12/22 15:45:00,A,NAC,SE,2003,283031,
ESTAT:NAMA_10_FTE(1.0),20/12/22 15:45:00,A,NAC,SE,2004,294356,
ESTAT:NAMA_10_FTE(1.0),20/12/22 15:45:00,A,NAC,SE,2005,304972,
ESTAT:NAMA_10_FTE(1.0),20/12/22 15:45:00,A,NAC,SE,2006,316246,
ESTAT:NAMA_10_FTE(1.0),20/12/22 15:45:00,A,NAC,SE,2007,329803,
ESTAT:NAMA_10_FTE(1.0),20/12/22 15:45:00,A,NAC,SE,2008,346119,
ESTAT:NAMA_10_FTE(1.0),20/12/22 15:45:00,A,NAC,SE,2009,355210,
ESTAT:NAMA_10_FTE(1.0),20/12/22 15:45:00,A,NAC,SE,2010,363539,
ESTAT:NAMA_10_FTE(1.0),20/12/22 15:45:00,A,NAC,SE,2011,374216,
ESTAT:NAMA_10_FTE(1.0),20/12/22 15:45:00,A,NAC,SE,2012,383744,
ESTAT:NAMA_10_FTE(1.0),20/12/22 15:45:00,A,NAC,SE,2013,390416,
ESTAT:NAMA_10_FTE(1.0),20/12/22 15:45:00,A,NAC,SE,2014,399265,
ESTAT:NAMA_10_FTE(1.0),20/12/22 15:45:00,A,NAC,SE,2015,409216,
ESTAT:NAMA_10_FTE(1.0),20/12/22 15:45:00,A,NAC,SE,2016,418446,
ESTAT:NAMA_10_FTE(1.0),20/12/22 15:45:00,A,NAC,SE,2017,428046,
ESTAT:NAMA_10_FTE(1.0),20/12/22 15:45:00,A,NAC,SE,2018,439828,
ESTAT:NAMA_10_FTE(1.0),20/12/22 15:45:00,A,NAC,SE,2019,454609,
ESTAT:NAMA_10_FTE(1.0),20/12/22 15:45:00,A,NAC,SE,2020,462208,
ESTAT:NAMA_10_FTE(1.0),20/12/22 15:45:00,A,NAC,SE,2021,476218,
ESTAT:NAMA_10_FTE(1.0),20/12/22 15:45:00,A,NAC,SI,1996,7700,
ESTAT:NAMA_10_FTE(1.0),20/12/22 15:45:00,A,NAC,SI,1997,8840,
ESTAT:NAMA_10_FTE(1.0),20/12/22 15:45:00,A,NAC,SI,1998,9573,
ESTAT:NAMA_10_FTE(1.0),20/12/22 15:45:00,A,NAC,SI,1999,10350,
ESTAT:NAMA_10_FTE(1.0),20/12/22 15:45:00,A,NAC,SI,2000,11319,
ESTAT:NAMA_10_FTE(1.0),20/12/22 15:45:00,A,NAC,SI,2001,12700,
ESTAT:NAMA_10_FTE(1.0),20/12/22 15:45:00,A,NAC,SI,2002,13728,
ESTAT:NAMA_10_FTE(1.0),20/12/22 15:45:00,A,NAC,SI,2003,14755,
ESTAT:NAMA_10_FTE(1.0),20/12/22 15:45:00,A,NAC,SI,2004,15974,
ESTAT:NAMA_10_FTE(1.0),20/12/22 15:45:00,A,NAC,SI,2005,16883,
ESTAT:NAMA_10_FTE(1.0),20/12/22 15:45:00,A,NAC,SI,2006,17789,
ESTAT:NAMA_10_FTE(1.0),20/12/22 15:45:00,A,NAC,SI,2007,18907,
ESTAT:NAMA_10_FTE(1.0),20/12/22 15:45:00,A,NAC,SI,2008,20300,
ESTAT:NAMA_10_FTE(1.0),20/12/22 15:45:00,A,NAC,SI,2009,20692,
ESTAT:NAMA_10_FTE(1.0),20/12/22 15:45:00,A,NAC,SI,2010,21682,
ESTAT:NAMA_10_FTE(1.0),20/12/22 15:45:00,A,NAC,SI,2011,21955,
ESTAT:NAMA_10_FTE(1.0),20/12/22 15:45:00,A,NAC,SI,2012,21556,
ESTAT:NAMA_10_FTE(1.0),20/12/22 15:45:00,A,NAC,SI,2013,21684,
ESTAT:NAMA_10_FTE(1.0),20/12/22 15:45:00,A,NAC,SI,2014,22046,
ESTAT:NAMA_10_FTE(1.0),20/12/22 15:45:00,A,NAC,SI,2015,22406,
ESTAT:NAMA_10_FTE(1.0),20/12/22 15:45:00,A,NAC,SI,2016,23138,
ESTAT:NAMA_10_FTE(1.0),20/12/22 15:45:00,A,NAC,SI,2017,24027,
ESTAT:NAMA_10_FTE(1.0),20/12/22 15:45:00,A,NAC,SI,2018,24821,
ESTAT:NAMA_10_FTE(1.0),20/12/22 15:45:00,A,NAC,SI,2019,25928,
ESTAT:NAMA_10_FTE(1.0),20/12/22 15:45:00,A,NAC,SI,2020,26716,
ESTAT:NAMA_10_FTE(1.0),20/12/22 15:45:00,A,NAC,SI,2021,28765,
ESTAT:NAMA_10_FTE(1.0),20/12/22 15:45:00,A,NAC,SK,1998,4498,
ESTAT:NAMA_10_FTE(1.0),20/12/22 15:45:00,A,NAC,SK,1999,4819,
ESTAT:NAMA_10_FTE(1.0),20/12/22 15:45:00,A,NAC,SK,2000,5417,
ESTAT:NAMA_10_FTE(1.0),20/12/22 15:45:00,A,NAC,SK,2001,5734,
ESTAT:NAMA_10_FTE(1.0),20/12/22 15:45:00,A,NAC,SK,2002,6215,
ESTAT:NAMA_10_FTE(1.0),20/12/22 15:45:00,A,NAC,SK,2003,6752,
ESTAT:NAMA_10_FTE(1.0),20/12/22 15:45:00,A,NAC,SK,2004,7333,
ESTAT:NAMA_10_FTE(1.0),20/12/22 15:45:00,A,NAC,SK,2005,8012,
ESTAT:NAMA_10_FTE(1.0),20/12/22 15:45:00,A,NAC,SK,2006,8667,
ESTAT:NAMA_10_FTE(1.0),20/12/22 15:45:00,A,NAC,SK,2007,9474,
ESTAT:NAMA_10_FTE(1.0),20/12/22 15:45:00,A,NAC,SK,2008,9965,
ESTAT:NAMA_10_FTE(1.0),20/12/22 15:45:00,A,NAC,SK,2009,10335,
ESTAT:NAMA_10_FTE(1.0),20/12/22 15:45:00,A,NAC,SK,2010,10893,
ESTAT:NAMA_10_FTE(1.0),20/12/22 15:45:00,A,NAC,SK,2011,11203,
ESTAT:NAMA_10_FTE(1.0),20/12/22 15:45:00,A,NAC,SK,2012,11442,
ESTAT:NAMA_10_FTE(1.0),20/12/22 15:45:00,A,NAC,SK,2013,11695,
ESTAT:NAMA_10_FTE(1.0),20/12/22 15:45:00,A,NAC,SK,2014,11928,
ESTAT:NAMA_10_FTE(1.0),20/12/22 15:45:00,A,NAC,SK,2015,12390,
ESTAT:NAMA_10_FTE(1.0),20/12/22 15:45:00,A,NAC,SK,2016,12741,
ESTAT:NAMA_10_FTE(1.0),20/12/22 15:45:00,A,NAC,SK,2017,13299,
ESTAT:NAMA_10_FTE(1.0),20/12/22 15:45:00,A,NAC,SK,2018,13986,
ESTAT:NAMA_10_FTE(1.0),20/12/22 15:45:00,A,NAC,SK,2019,14859,
ESTAT:NAMA_10_FTE(1.0),20/12/22 15:45:00,A,NAC,SK,2020,15343,
ESTAT:NAMA_10_FTE(1.0),20/12/22 15:45:00,A,NAC,SK,2021,16162,
